gene,section,historical_raw_replicated_severity,stage198_current_seam_score,stage198_band_flagged,stage198_residual_after_display_choice,stage594_changed_fraction,stage594_numeric_change,residual_band_level
Snap25,500,0.8008260906553036,0.2105344658879675,True,0.3568002155443179,0.0,none/negligible,high
Snap25,530,0.9843834011396704,0.2807471897864045,True,0.4983214104294557,0.0161361088090479,small targeted,high
Snap25,560,0.7013722160793269,0.2032597879961554,True,0.3049811523726651,0.0,none/negligible,high
Npy1r,500,0.1626521672036742,0.2220733384184045,False,,0.0001271415403197,none/negligible,mild-moderate
Npy1r,530,0.3025677255004705,0.039319467098036,False,,9.749914688246478e-05,none/negligible,moderate
Npy1r,560,0.122883667860305,0.284564040153503,False,,0.0111133360032038,small targeted,mild-moderate
Pdyn,500,0.1746538724615231,0.1618478405887426,False,,0.0066749308667874,minimal,mild-moderate
Pdyn,530,0.1469468467676651,0.1640090996319011,False,,0.0049237069175644,minimal,mild-moderate
Pdyn,560,0.0728592193398793,0.2658825902379801,False,,0.0,none/negligible,mild-moderate
Slc6a4,500,0.4616555264598583,0.0203805692238653,False,,0.0,none/negligible,moderate
Slc6a4,530,0.1413093060767768,0.1416382402521469,False,,0.0018524837907668,minimal,low
Slc6a4,560,0.0834521708855655,0.0654398967946937,False,,0.0,none/negligible,low
Slc32a1,500,0.1533802574370389,0.179104065875403,True,0.3323336669561954,0.0,none/negligible,mild-moderate
Slc32a1,530,0.2003817481879815,0.2769787642899359,True,0.3551936161008996,0.0097011651148052,minimal,mild-moderate
Slc32a1,560,0.2508945373503263,0.207320015613367,True,0.1838640455753779,0.0,none/negligible,mild-moderate
Otx2os1,500,0.0677157774989146,0.2236552706303324,False,,0.005848510854709,minimal,mild-moderate
Otx2os1,530,0.2525232962175792,0.3496262666135693,True,0.172503427387503,0.0163311071028128,small targeted,moderate
Otx2os1,560,0.180232201433533,0.0808211778292199,False,,0.0176211453744493,small targeted,mild-moderate
Meis2,500,0.682887072312776,0.0635127078643331,False,,0.0,none/negligible,high
Meis2,530,0.5226182873625959,0.2498889682395867,True,0.4100278949854307,0.0,none/negligible,moderate
Meis2,560,0.1890873578732545,0.0461449966467253,True,0.0846531252013517,5.006007208650381e-05,none/negligible,mild-moderate
Slc17a6,500,0.8649526756413669,0.1211276951544518,False,,0.0296557642795842,small targeted,high
Slc17a6,530,0.2797395109336719,0.2263643472047746,True,0.0747036420227691,0.0,none/negligible,mild-moderate
Slc17a6,560,0.1947738031877468,0.0859790232829068,False,,0.0065078093712454,minimal,mild-moderate
