section,broad,n,vgat_norm_threshold,vglut_norm_threshold,VGAT_only,VGLUT_only,double,neither,VGAT_only_pct,VGLUT_only_pct,double_pct,neither_pct
0,ALL,71950,672.1083419625,396.6268280473797,15016,15016,6569,35349,20.870048644892286,20.870048644892286,9.129951355107714,49.129951355107714
0,E,30523,672.1083419625,396.6268280473797,3742,13173,5427,8181,12.259607509091504,43.157618844805555,17.7800347279101,26.802738918192837
0,I,36994,672.1083419625,396.6268280473797,10736,1717,1084,23457,29.020922311726228,4.641293182678272,2.9302048980915822,63.40757960750392
0,NE,1833,672.1083419625,396.6268280473797,6,4,1,1822,0.32733224222585927,0.2182214948172395,0.05455537370430987,99.39989088925259
0,ChAT,834,672.1083419625,396.6268280473797,84,1,1,748,10.071942446043165,0.11990407673860912,0.11990407673860912,89.68824940047962
0,Other,1766,672.1083419625,396.6268280473797,448,121,56,1141,25.36806342015855,6.851642129105323,3.1710079275198186,64.60928652321631
500,ALL,31461,672.1083419625,396.6268280473797,7608,4334,1952,17567,24.182320968818537,13.775785893646102,6.204507167604335,55.83738596993103
500,E,10052,672.1083419625,396.6268280473797,1418,3856,1596,3182,14.106645443692797,38.36052526860326,15.877437325905293,31.655391961798646
500,I,19344,672.1083419625,396.6268280473797,5872,432,325,12715,30.355665839536808,2.2332506203473947,1.6801075268817205,65.73097601323408
500,NE,596,672.1083419625,396.6268280473797,3,1,1,591,0.5033557046979866,0.16778523489932887,0.16778523489932887,99.16107382550335
500,ChAT,722,672.1083419625,396.6268280473797,81,1,1,639,11.218836565096954,0.13850415512465375,0.13850415512465375,88.50415512465374
500,Other,747,672.1083419625,396.6268280473797,234,44,29,440,31.325301204819276,5.890227576974565,3.8821954484605086,58.90227576974565
530,ALL,20513,672.1083419625,396.6268280473797,3925,3751,1821,11016,19.134207575683714,18.285964997806268,8.877297323648419,53.7025301028616
530,E,7490,672.1083419625,396.6268280473797,1064,2873,1231,2322,14.205607476635514,38.35781041388518,16.43524699599466,31.001335113484647
530,I,11440,672.1083419625,396.6268280473797,2770,851,577,7242,24.213286713286713,7.438811188811189,5.043706293706293,63.30419580419581
530,NE,962,672.1083419625,396.6268280473797,1,2,0,959,0.10395010395010396,0.2079002079002079,0.0,99.6881496881497
530,ChAT,92,672.1083419625,396.6268280473797,2,0,0,90,2.1739130434782608,0.0,0.0,97.82608695652173
530,Other,529,672.1083419625,396.6268280473797,88,25,13,403,16.6351606805293,4.725897920604915,2.4574669187145557,76.18147448015122
560,ALL,19976,672.1083419625,396.6268280473797,3483,6931,2796,6766,17.435923107729277,34.696635963155785,13.996796155386464,33.87064477372847
560,E,12981,672.1083419625,396.6268280473797,1260,6444,2600,2677,9.706494106771435,49.64178414605963,20.029273553655344,20.6224481935136
560,I,6210,672.1083419625,396.6268280473797,2094,434,182,3500,33.71980676328502,6.988727858293076,2.930756843800322,56.36070853462158
560,NE,275,672.1083419625,396.6268280473797,2,1,0,272,0.7272727272727273,0.36363636363636365,0.0,98.9090909090909
560,ChAT,20,672.1083419625,396.6268280473797,1,0,0,19,5.0,0.0,0.0,95.0
560,Other,490,672.1083419625,396.6268280473797,126,52,14,298,25.714285714285715,10.612244897959183,2.857142857142857,60.816326530612244
