gene,section,action,profile_axis,profile_rms594,profile_rms853,profile_ratio,mass_add_vs594
Snap25,500,CORRECTED_FINAL,y,0.2788351127084689,0.2701967550621094,0.9690198355457471,0.007540140793836828
Snap25,530,PROBABLE_HOLD,y,0.35539757749866524,0.35539757749866524,0.9999999999971864,0.0
Snap25,560,CORRECTED_FINAL,y,0.41351380060498,0.4059857802195393,0.9817949960184913,0.004230847344448937
Npy1r,500,CORRECTED_FINAL,x,0.05493334435883083,0.03450139691305198,0.628059283757728,0.006635222853961699
Npy1r,530,CORRECTED_FINAL,x,0.12778907189421396,0.08409128640047084,0.6580475556581633,0.01980653205828306
Npy1r,560,CORRECTED_FINAL,y,0.056187016821864985,0.043225402280506454,0.7693129965731892,0.0069062210649171755
Pdyn,500,CORRECTED_FINAL,x,0.0437847736780296,0.019941664135033635,0.45544746402525205,0.011268158414197054
Pdyn,530,CORRECTED_FINAL,x,0.07338104985908332,0.05666928807119945,0.7722605247438075,0.01717241052213456
Pdyn,560,CORRECTED_FINAL,y,0.05211858470506833,0.02888170013461725,0.5541535768382917,0.0070523305527389795
Slc6a4,500,UNRESOLVED_HOLD,y,0.11745069811645945,0.11745069811645945,0.9999999999914857,0.0
Slc6a4,530,CORRECTED_FINAL,x,0.06142079523550544,0.04997191680999946,0.8135993130271075,0.015388564649190016
Slc6a4,560,UNRESOLVED_HOLD,y,0.05830083054081531,0.05830083054081531,0.9999999999828476,0.0
Slc32a1,500,CORRECTED_FINAL,y,0.05160268250250094,0.037170393158937914,0.7203190097029573,0.013165194820077055
Slc32a1,530,CORRECTED_FINAL,x,0.08756658238189112,0.051522445098314995,0.5883802210417375,0.008388760845731185
Slc32a1,560,CORRECTED_FINAL,x,0.0767277794466784,0.05821815397314951,0.7587623986023102,0.005523837223939013
Otx2os1,500,CORRECTED_FINAL,y,0.08906261154951048,0.04969010840076959,0.5579233253517231,0.01743676821710234
Otx2os1,530,SIGNAL_HOLD,y,0.053223432379704165,0.053223432379704165,0.9999999999812114,0.0
Otx2os1,560,CORRECTED_FINAL,y,0.07202794964281643,0.027685121531547167,0.3843663698390993,0.015588491242471761
Meis2,500,CORRECTED_FINAL,x,0.17132093209260635,0.10282216976646845,0.600172836500145,0.014423695505628862
Meis2,530,CORRECTED_FINAL,x,0.15040291912444895,0.07921697655290272,0.5266983979667905,0.023136787493973
Meis2,560,SIGNAL_HOLD,y,0.06517785140202643,0.06517785140202643,0.9999999999846573,0.0
Slc17a6,500,CORRECTED_FINAL,x,0.1308348922423488,0.06824115315543255,0.5215822169861702,0.024638474012105765
Slc17a6,530,CORRECTED_FINAL,x,0.07858246159471513,0.06639021889865382,0.8448477885588898,0.01210538176405218
Slc17a6,560,SIGNAL_HOLD,y,0.05736082641405345,0.05736082641405345,0.9999999999825665,0.0
