gene,section,classification,decision,rank_safety_tier,w_zero,w_low,w_mid,w_high,changed_frac_vs594,added_sum_vs594,extra_mass_pct_vs594,total_mass_pct_vsRAW,raw_q95plus_extra_changed_frac,q99_ratio_vs594
Snap25,500,MIXED_TRUE_SIGNAL_PLUS_BAND_ARTIFACT,TARGETED_TILE_BAND_CORRECTION,A_top5,0.25,0.25,0.1,0.5,0.04510346142843521,30765.928132587673,0.8868480107585427,0.8868480107585427,0.0,0.9999999999999989
Snap25,530,MIXED_TRUE_SIGNAL_PLUS_BAND_ARTIFACT,TARGETED_TILE_BAND_CORRECTION,A_top5,0.0,0.0,0.25,0.1,0.0361234339199532,9720.055486679077,0.37961344818575793,0.5092286242469954,0.0,0.9999999999999993
Snap25,560,MIXED_TRUE_SIGNAL_PLUS_BAND_ARTIFACT,TARGETED_TILE_BAND_CORRECTION,A_top5,0.75,0.25,0.1,0.25,0.065778934721666,15076.35127704747,0.8199127830782742,0.8199127830782742,0.0,0.9999999999999991
Npy1r,500,MIXED_TRUE_SIGNAL_PLUS_BAND_ARTIFACT,TARGETED_TILE_BAND_CORRECTION,A_top5,1.0,1.0,0.5,0.0,0.037252471313689965,1548.2242301898077,1.134396417196518,1.1373605836849026,0.0,0.9999999999999667
Npy1r,530,MIXED_TRUE_SIGNAL_PLUS_BAND_ARTIFACT,TARGETED_TILE_BAND_CORRECTION,A_top5,0.25,0.25,0.0,0.0,0.04055964510310535,184.93198052234948,0.19448099749957878,0.19658840287139226,0.0,0.9999999999999687
Npy1r,560,MIXED_TRUE_SIGNAL_PLUS_BAND_ARTIFACT,TARGETED_TILE_BAND_CORRECTION,A_top5,0.25,0.25,0.5,0.0,0.02377853424108931,28.71243924711598,0.06659346703570827,1.0627824113914315,0.0,0.9999999999999413
Pdyn,500,TRUE_SIGNAL_LIKELY_NO_TILE_CORRECTION,HOLD_STAGE594,none,0.0,0.0,0.0,0.0,0.0,0.0,0.0,0.504069079379922,0.0,1.0
Pdyn,530,TRUE_SIGNAL_LIKELY_NO_TILE_CORRECTION,HOLD_STAGE594,none,0.0,0.0,0.0,0.0,0.0,0.0,0.0,0.1952502390819254,0.0,1.0
Pdyn,560,TRUE_SIGNAL_LIKELY_NO_TILE_CORRECTION,HOLD_STAGE594,none,0.0,0.0,0.0,0.0,0.0,0.0,0.0,0.0,0.0,1.0
Slc6a4,500,TRUE_SIGNAL_LIKELY_NO_TILE_CORRECTION,HOLD_STAGE594,none,0.0,0.0,0.0,0.0,0.0,0.0,0.0,0.0,0.0,1.0
Slc6a4,530,TRUE_SIGNAL_LIKELY_NO_TILE_CORRECTION,HOLD_STAGE594,none,0.0,0.0,0.0,0.0,0.0,0.0,0.0,0.07716578640510324,0.0,1.0
Slc6a4,560,TRUE_SIGNAL_LIKELY_NO_TILE_CORRECTION,HOLD_STAGE594,none,0.0,0.0,0.0,0.0,0.0,0.0,0.0,0.0,0.0,1.0
Slc32a1,500,MIXED_TRUE_SIGNAL_PLUS_BAND_ARTIFACT,TARGETED_TILE_BAND_CORRECTION,A_top5,0.0,0.0,0.25,0.5,0.021296208003559962,1339.4074914455414,0.2963861388022786,0.2963861388022786,0.0,0.999999999999986
Slc32a1,530,MIXED_TRUE_SIGNAL_PLUS_BAND_ARTIFACT,TARGETED_TILE_BAND_CORRECTION,A_top5,0.0,1.0,0.25,0.1,0.02959099107882806,972.1055419921875,0.3460817411832346,0.54797308195565,0.0,0.9999999999999888
Slc32a1,560,MIXED_TRUE_SIGNAL_PLUS_BAND_ARTIFACT,TARGETED_TILE_BAND_CORRECTION,A_top5,0.25,0.25,0.25,0.0,0.04330196235482579,990.8039250080474,0.42616505658581005,0.42616505658581005,0.0,0.99999999999999
Otx2os1,500,MIXED_TRUE_SIGNAL_PLUS_BAND_ARTIFACT,TARGETED_TILE_BAND_CORRECTION,B_tail_exact,0.0,0.0,0.25,0.1,0.004418168526111694,98.15655012130736,0.1576609433668151,0.5939158387450986,0.0,0.9999999999999333
Otx2os1,530,TRUE_SIGNAL_LIKELY_NO_TILE_CORRECTION,HOLD_STAGE594,none,0.0,0.0,0.0,0.0,0.0,0.0,0.0,0.6084945843981989,0.0,1.0
Otx2os1,560,MIXED_TRUE_SIGNAL_PLUS_BAND_ARTIFACT,TARGETED_TILE_MISMATCH_CORRECTION_TIE_AWARE,C_sparse_tie_tile_mismatch,0.75,0.75,0.75,0.5,0.09266119343211854,821.9971432847669,1.344538640546923,2.3236563281940295,0.0,0.99999999999995
Meis2,500,MIXED_TRUE_SIGNAL_PLUS_BAND_ARTIFACT,TARGETED_TILE_BAND_CORRECTION,A_top5,0.0,0.0,1.0,0.1,0.020501573376561458,5023.182405090332,0.7473339024187305,0.7473339024187305,0.0,0.9999999999999922
Meis2,530,MIXED_TRUE_SIGNAL_PLUS_BAND_ARTIFACT,TARGETED_TILE_BAND_CORRECTION,A_top5,0.5,0.25,0.1,0.0,0.0483108272802613,1153.262372396514,0.2824152328468808,0.2824152328468808,0.0,0.9999999999999943
Meis2,560,MIXED_TRUE_SIGNAL_PLUS_BAND_ARTIFACT,TARGETED_TILE_BAND_CORRECTION,A_top5,0.25,0.0,0.5,0.0,0.0184221065278334,1058.5235605798662,0.35657091866923557,0.35690897779764474,0.0,0.9999999999999956
Slc17a6,500,MIXED_TRUE_SIGNAL_PLUS_BAND_ARTIFACT,TARGETED_TILE_BAND_CORRECTION,B_tail_exact,0.0,0.5,0.75,0.25,0.03849210133180764,907.4817544221878,0.7215751363046562,3.018446449595143,0.0,0.9999999999999525
Slc17a6,530,TRUE_SIGNAL_LIKELY_NO_TILE_CORRECTION,HOLD_STAGE594,none,0.0,0.0,0.0,0.0,0.0,0.0,0.0,0.0,0.0,1.0
Slc17a6,560,MIXED_TRUE_SIGNAL_PLUS_BAND_ARTIFACT,TARGETED_TILE_BAND_CORRECTION,A_top5,0.0,0.0,1.0,0.1,0.013315979175010012,816.631185722351,0.6132798522975433,0.757047699989744,0.0,0.9999999999999697
