section,feature,decile,n,feature_median,positive,positive_pct
0,area,0,6858,4255.0,103,1.5018955963837854
0,area,1,6857,6127.0,105,1.5312819017062855
0,area,2,6857,7531.0,170,2.4792183170482716
0,area,3,6857,9829.0,427,6.227213066938895
0,area,4,6857,13482.0,1111,16.20242088376841
0,area,5,6857,16547.0,1711,24.952603179232902
0,area,6,6857,19296.0,2192,31.9673326527636
0,area,7,6857,22351.0,2723,39.71124398424967
0,area,8,6857,27071.0,3504,51.10106460551261
0,area,9,6858,40675.5,4722,68.85389326334209
0,major_axis_length,0,6858,24.988548575446174,68,0.9915427238261884
0,major_axis_length,1,6857,28.399322133294916,102,1.487530990228963
0,major_axis_length,2,6857,31.77534886940175,279,4.068834767390987
0,major_axis_length,3,6857,35.8018807073975,827,12.060667930581886
0,major_axis_length,4,6857,39.264291496937545,1466,21.37961207525157
0,major_axis_length,5,6857,42.26960666761287,1883,27.460988770599386
0,major_axis_length,6,6857,45.326859413757234,2218,32.34650721890039
0,major_axis_length,7,6857,48.874476364075456,2639,38.48621846288464
0,major_axis_length,8,6857,53.7766954182966,3212,46.84264255505323
0,major_axis_length,9,6858,63.443837263872496,4074,59.405074365704294
0,minor_axis_length,0,6858,16.311509930190205,134,1.9539224263633712
0,minor_axis_length,1,6857,18.821850520660742,158,2.304214671138982
0,minor_axis_length,2,6857,20.273049628175468,238,3.4709056438675807
0,minor_axis_length,3,6857,21.628222721392817,514,7.4959894997812455
0,minor_axis_length,4,6857,23.2500321019944,1139,16.61076272422342
0,minor_axis_length,5,6857,24.84115252331175,1715,25.010937727869333
0,minor_axis_length,6,6857,26.34501746766764,2237,32.62359632492344
0,minor_axis_length,7,6857,27.93122739048964,2733,39.85708035584074
0,minor_axis_length,8,6857,29.987911815199915,3369,49.132273589033105
0,minor_axis_length,9,6858,34.11603539119845,4531,66.06882473024204
0,z_um,0,6858,29.244158177839438,1087,15.850102070574511
0,z_um,1,6857,59.18725762693096,1455,21.219192066501385
0,z_um,2,6857,85.33515391539153,1766,25.75470322298381
0,z_um,3,6857,111.92264550097237,1888,27.533906956394926
0,z_um,4,6857,137.74271039214452,1865,27.198483301735454
0,z_um,5,6857,162.73528352835282,2010,29.313110689806038
0,z_um,6,6857,187.97798307134212,1930,28.146419717077436
0,z_um,7,6857,213.76097178947367,1808,26.367215983666327
0,z_um,8,6857,239.238354265916,1783,26.00262505468864
0,z_um,9,6858,270.32089547921294,1176,17.14785651793526
0,depth27,0,6858,18.246015161275864,0,0.0
0,depth27,1,6857,33.07438242435455,3,0.04375091147732244
0,depth27,2,6857,49.65521419048309,23,0.3354236546594721
0,depth27,3,6857,79.32486718893051,215,3.1354819892081083
0,depth27,4,6857,143.54848277568817,903,13.169024354674056
0,depth27,5,6857,216.77523624897003,1622,23.654659472072336
0,depth27,6,6857,286.9028069972992,2173,31.69024354674056
0,depth27,7,6857,380.3617436885834,2886,42.08837684118419
0,depth27,8,6857,543.5229470729828,3953,57.64911768995188
0,depth27,9,6858,1158.710179835558,4990,72.76173811606881
0,snap25,0,6858,0.0,220,3.20793234179061
0,snap25,1,6857,1.6585290431976318,140,2.0417092022750474
0,snap25,2,6857,4.185925960540772,246,3.58757474114044
0,snap25,3,6857,10.30209255218506,529,7.714744057167858
0,snap25,4,6857,24.86811065673828,1127,16.43575907831413
0,snap25,5,6857,50.11076736450195,1757,25.623450488551846
0,snap25,6,6857,83.57344818115234,2198,32.054834475718245
0,snap25,7,6857,131.47433471679688,2609,38.04870934811142
0,snap25,8,6857,217.60025024414065,3346,48.79684993437363
0,snap25,9,6858,474.44227600097656,4596,67.01662292213474
0,nearest_both_marker_um,0,6858,3.0614624911869015,904,13.181685622630503
0,nearest_both_marker_um,1,6857,5.12434824469869,1556,22.69213941957124
0,nearest_both_marker_um,2,6857,6.551134866430635,1789,26.090126877643282
0,nearest_both_marker_um,3,6857,7.8665492006192625,1859,27.11098147878081
0,nearest_both_marker_um,4,6857,9.25247751461117,1964,28.642263380487094
0,nearest_both_marker_um,5,6857,10.803230563017232,1979,28.861017937873708
0,nearest_both_marker_um,6,6857,12.73978981904929,1939,28.277672451509407
0,nearest_both_marker_um,7,6857,15.405556809069934,1786,26.046375966165964
0,nearest_both_marker_um,8,6857,19.702876316690567,1700,24.79218317048272
0,nearest_both_marker_um,9,6858,30.08490920594094,1292,18.83931175269758
0,mixed_exclusive_neighborhood,0,6858,0.0,2369,34.54359871682706
0,mixed_exclusive_neighborhood,1,6857,0.0,876,12.775266151378153
0,mixed_exclusive_neighborhood,2,6857,0.0,2288,33.367361820037914
0,mixed_exclusive_neighborhood,3,6857,0.0,2024,29.517281610033542
0,mixed_exclusive_neighborhood,4,6857,0.0,480,7.0001458363715905
0,mixed_exclusive_neighborhood,5,6857,0.2,2590,37.771620242088375
0,mixed_exclusive_neighborhood,6,6857,0.2,1311,19.11914831558991
0,mixed_exclusive_neighborhood,7,6857,0.2,1836,26.77555782412134
0,mixed_exclusive_neighborhood,8,6857,0.4,1571,22.91089397695785
0,mixed_exclusive_neighborhood,9,6858,0.4,1423,20.749489647127444
500,area,0,3089,4263.0,44,1.424409193913888
500,area,1,3088,6218.5,46,1.4896373056994818
500,area,2,3088,8363.0,120,3.8860103626943006
500,area,3,3089,12316.0,403,13.0462932988022
500,area,4,3088,15024.5,570,18.458549222797927
500,area,5,3088,17122.5,750,24.287564766839377
500,area,6,3089,19208.0,943,30.527678860472644
500,area,7,3088,21617.5,1193,38.63341968911917
500,area,8,3088,25043.0,1563,50.615284974093264
500,area,9,3089,34761.0,2256,73.03334412431207
500,major_axis_length,0,3089,25.24190564419113,24,0.7769504694075753
500,major_axis_length,1,3088,29.288441714525423,62,2.0077720207253886
500,major_axis_length,2,3088,33.986469820102684,265,8.58160621761658
500,major_axis_length,3,3089,37.77021796352642,533,17.254775008093233
500,major_axis_length,4,3088,40.57499230104894,743,24.060880829015545
500,major_axis_length,5,3088,43.127739749561535,863,27.946891191709845
500,major_axis_length,6,3089,45.74548415906519,943,30.527678860472644
500,major_axis_length,7,3088,48.777363812681145,1182,38.27720207253886
500,major_axis_length,8,3088,53.036367358439115,1390,45.012953367875646
500,major_axis_length,9,3089,61.55435545856394,1883,60.958238912269344
500,minor_axis_length,0,3089,16.226397662513087,53,1.7157656199417288
500,minor_axis_length,1,3088,18.874465078923134,72,2.33160621761658
500,minor_axis_length,2,3088,20.544522010519266,156,5.051813471502591
500,minor_axis_length,3,3089,22.16361920929181,405,13.111039171252834
500,minor_axis_length,4,3088,23.607485088753506,671,21.729274611398964
500,minor_axis_length,5,3088,24.846014526563337,812,26.295336787564764
500,minor_axis_length,6,3089,26.01585059376968,1017,32.923276141146005
500,minor_axis_length,7,3088,27.320558899749834,1174,38.01813471502591
500,minor_axis_length,8,3088,28.970680657569794,1432,46.373056994818654
500,minor_axis_length,9,3089,32.605061958778194,2096,67.85367432826158
500,z_um,0,3089,25.915905842314235,514,16.639689219812237
500,z_um,1,3088,53.36380193864824,728,23.57512953367876
500,z_um,2,3088,80.63628734801247,782,25.32383419689119
500,z_um,3,3089,108.4877713414634,1004,32.5024279702169
500,z_um,4,3088,136.486265625304,971,31.444300518134717
500,z_um,5,3088,164.90917487019573,990,32.059585492227974
500,z_um,6,3089,193.0559936602976,919,29.750728391065067
500,z_um,7,3088,221.80723951612936,829,26.845854922279795
500,z_um,8,3088,250.88595000252977,763,24.708549222797927
500,z_um,9,3089,282.03498310149774,388,12.560699255422467
500,depth27,0,3089,20.45875036716461,0,0.0
500,depth27,1,3088,37.7392660677433,1,0.032383419689119175
500,depth27,2,3088,67.02029633522034,40,1.2953367875647668
500,depth27,3,3089,136.79019990563393,289,9.355778569116218
500,depth27,4,3088,197.90297746658325,553,17.9080310880829
500,depth27,5,3088,249.70589515566826,788,25.51813471502591
500,depth27,6,3089,309.532265663147,984,31.854969245710585
500,depth27,7,3088,389.39476734399796,1276,41.32124352331606
500,depth27,8,3088,524.0813694000244,1673,54.17746113989638
500,depth27,9,3089,1055.4907244443891,2284,73.93978633862092
500,snap25,0,3089,0.0,101,3.2696665587568794
500,snap25,1,3088,2.9168916940689087,79,2.5582901554404147
500,snap25,2,3088,8.048750877380371,162,5.246113989637306
500,snap25,3,3089,21.61442756652832,438,14.179346066688247
500,snap25,4,3088,42.939958572387695,650,21.04922279792746
500,snap25,5,3088,66.68875885009766,823,26.651554404145077
500,snap25,6,3089,96.69935607910156,960,31.07801877630301
500,snap25,7,3088,137.55853271484375,1143,37.01424870466321
500,snap25,8,3088,209.73184967041016,1467,47.50647668393783
500,snap25,9,3089,419.8644104003906,2065,66.85011330527679
500,nearest_both_marker_um,0,3089,2.7096491872284547,407,13.175785043703463
500,nearest_both_marker_um,1,3088,4.50947120778319,688,22.279792746113987
500,nearest_both_marker_um,2,3088,5.738313356352287,790,25.582901554404145
500,nearest_both_marker_um,3,3089,6.819848044750385,879,28.455810942052445
500,nearest_both_marker_um,4,3088,7.909098042415566,934,30.24611398963731
500,nearest_both_marker_um,5,3088,9.052397454731214,959,31.055699481865283
500,nearest_both_marker_um,6,3089,10.446687895690088,951,30.78666235027517
500,nearest_both_marker_um,7,3088,12.259152532602716,883,28.59455958549223
500,nearest_both_marker_um,8,3088,15.135198606741161,784,25.38860103626943
500,nearest_both_marker_um,9,3089,22.17118798290541,613,19.844609906118485
500,mixed_exclusive_neighborhood,0,3089,0.0,1329,43.02363224344448
500,mixed_exclusive_neighborhood,1,3088,0.0,887,28.724093264248708
500,mixed_exclusive_neighborhood,2,3088,0.0,607,19.656735751295336
500,mixed_exclusive_neighborhood,3,3089,0.0,284,9.193913887989641
500,mixed_exclusive_neighborhood,4,3088,0.2,1028,33.29015544041451
500,mixed_exclusive_neighborhood,5,3088,0.2,1147,37.14378238341969
500,mixed_exclusive_neighborhood,6,3089,0.2,760,24.603431531239885
500,mixed_exclusive_neighborhood,7,3088,0.2,264,8.549222797927461
500,mixed_exclusive_neighborhood,8,3088,0.4,1068,34.58549222797927
500,mixed_exclusive_neighborhood,9,3089,0.4,514,16.639689219812237
530,area,0,1907,4436.0,21,1.101206082852648
530,area,1,1906,6749.5,29,1.521511017838405
530,area,2,1906,9245.0,70,3.6726128016789086
530,area,3,1907,13637.0,315,16.518091242789723
530,area,4,1906,16717.5,499,26.180482686253935
530,area,5,1906,19330.5,553,29.01364113326338
530,area,6,1907,21760.0,586,30.728893550078656
530,area,7,1906,24949.0,707,37.09338929695698
530,area,8,1906,30073.5,862,45.22560335781742
530,area,9,1907,44743.0,1181,61.929732564237014
530,major_axis_length,0,1907,25.557455886353985,17,0.8914525432616675
530,major_axis_length,1,1906,29.921710505671996,34,1.7838405036726128
530,major_axis_length,2,1906,34.779026883920736,173,9.076600209863589
530,major_axis_length,3,1907,38.59232487468959,420,22.024121657052966
530,major_axis_length,4,1906,41.45795671080833,518,27.177334732423926
530,major_axis_length,5,1906,44.154353929759104,586,30.745015739769148
530,major_axis_length,6,1907,47.071671620552216,616,32.30204509701101
530,major_axis_length,7,1906,50.554752163676206,675,35.414480587618044
530,major_axis_length,8,1906,55.18627101443225,779,40.87093389296957
530,major_axis_length,9,1907,64.86629868553976,1005,52.70057682223388
530,minor_axis_length,0,1907,16.66481594768992,33,1.73046670162559
530,minor_axis_length,1,1906,19.558231263015156,44,2.308499475341028
530,minor_axis_length,2,1906,21.552032988856478,90,4.72193074501574
530,minor_axis_length,3,1907,23.607712519198756,288,15.102254850550603
530,minor_axis_length,4,1906,25.33280368220388,448,23.504721930745013
530,minor_axis_length,5,1906,26.691957236148845,540,28.33158447009444
530,minor_axis_length,6,1907,27.971969515322844,615,32.24960671211326
530,minor_axis_length,7,1906,29.398932409941338,706,37.04092339979014
530,minor_axis_length,8,1906,31.373748897442592,869,45.59286463798531
530,minor_axis_length,9,1907,35.42248546215444,1190,62.40167802831673
530,z_um,0,1907,43.46451009329046,262,13.738856843209229
530,z_um,1,1906,70.18875155166118,447,23.452256033578177
530,z_um,2,1906,93.88992243098471,506,26.547743966421827
530,z_um,3,1907,118.9172870589594,555,29.10330361824856
530,z_um,4,1906,142.50992484933934,563,29.538300104931793
530,z_um,5,1906,166.32564500209435,553,29.01364113326338
530,z_um,6,1907,190.0325264341957,490,25.694808599895126
530,z_um,7,1906,215.5443687484903,521,27.33473242392445
530,z_um,8,1906,241.35177907443136,508,26.652675760755507
530,z_um,9,1907,267.72922244759974,418,21.91924488725747
530,depth27,0,1907,17.980416476726532,0,0.0
530,depth27,1,1906,35.840781539678574,0,0.0
530,depth27,2,1906,57.92197471857071,14,0.7345225603357817
530,depth27,3,1907,117.17396456003188,168,8.809648662821184
530,depth27,4,1906,192.2721761167049,381,19.989506820566632
530,depth27,5,1906,255.6791194975376,583,30.587618048268627
530,depth27,6,1907,323.2728423476219,639,33.50812794965915
530,depth27,7,1906,418.10360389947897,830,43.54669464847849
530,depth27,8,1906,594.4869918227196,1030,54.0398740818468
530,depth27,9,1907,1376.0850830078125,1178,61.77241740954379
530,snap25,0,1907,0.0,70,3.6706869428421607
530,snap25,1,1906,1.345061719417572,33,1.7313746065057714
530,snap25,2,1906,5.037328004837036,112,5.876180482686253
530,snap25,3,1907,15.312056541442873,315,16.518091242789723
530,snap25,4,1906,35.248361587524414,517,27.124868835257082
530,snap25,5,1906,62.41590118408203,612,32.10912906610703
530,snap25,6,1907,97.79328155517578,642,33.66544310435239
530,snap25,7,1906,147.22750854492188,691,36.253934942287515
530,snap25,8,1906,238.21514892578125,776,40.71353620146905
530,snap25,9,1907,537.4609985351562,1055,55.32249606712113
530,nearest_both_marker_um,0,1907,3.205660851721881,226,11.851074986890405
530,nearest_both_marker_um,1,1906,5.355622443469379,399,20.93389296956978
530,nearest_both_marker_um,2,1906,6.8358300118764035,439,23.03252885624344
530,nearest_both_marker_um,3,1907,8.174911905760204,462,24.22653382275826
530,nearest_both_marker_um,4,1906,9.543540672692577,498,26.128016789087095
530,nearest_both_marker_um,5,1906,10.980700778366554,548,28.751311647429173
530,nearest_both_marker_um,6,1907,12.682405799560502,559,29.313057157839538
530,nearest_both_marker_um,7,1906,14.921055730444463,572,30.010493179433368
530,nearest_both_marker_um,8,1906,18.271085059998814,597,31.32214060860441
530,nearest_both_marker_um,9,1907,25.91646257147224,523,27.425275301520713
530,mixed_exclusive_neighborhood,0,1907,0.0,955,50.07865757734662
530,mixed_exclusive_neighborhood,1,1906,0.0,759,39.821615949632736
530,mixed_exclusive_neighborhood,2,1906,0.0,491,25.760755508919203
530,mixed_exclusive_neighborhood,3,1907,0.0,190,9.963293130571579
530,mixed_exclusive_neighborhood,4,1906,0.0,306,16.054564533053515
530,mixed_exclusive_neighborhood,5,1906,0.2,729,38.24763903462749
530,mixed_exclusive_neighborhood,6,1907,0.2,499,26.166754063974828
530,mixed_exclusive_neighborhood,7,1906,0.2,196,10.283315844700944
530,mixed_exclusive_neighborhood,8,1906,0.4,431,22.61280167890871
530,mixed_exclusive_neighborhood,9,1907,0.4,267,14.001048767697954
560,area,0,1863,4097.0,36,1.932367149758454
560,area,1,1862,5658.0,27,1.4500537056928033
560,area,2,1862,6629.0,35,1.8796992481203008
560,area,3,1863,7444.0,52,2.791196994095545
560,area,4,1862,8427.0,80,4.296455424274973
560,area,5,1862,9998.5,124,6.659505907626208
560,area,6,1863,13174.0,332,17.82071926999463
560,area,7,1862,19499.0,895,48.06659505907626
560,area,8,1862,28171.0,1134,60.902255639097746
560,area,9,1863,43401.0,1342,72.03435319377348
560,major_axis_length,0,1863,24.299539629064498,18,0.966183574879227
560,major_axis_length,1,1862,26.95739560657229,22,1.1815252416756177
560,major_axis_length,2,1862,28.86948727566719,45,2.4167561761546725
560,major_axis_length,3,1863,30.853999516410138,55,2.952227589908749
560,major_axis_length,4,1862,33.45867993389368,117,6.2835660580021475
560,major_axis_length,5,1862,36.790718105600774,236,12.674543501611172
560,major_axis_length,6,1863,40.99664776057234,475,25.496511003757384
560,major_axis_length,7,1862,46.394756134276335,804,43.17937701396348
560,major_axis_length,8,1862,53.38438854530295,1059,56.87432867883996
560,major_axis_length,9,1863,64.98686941908502,1226,65.80783682232958
560,minor_axis_length,0,1863,16.189433537528558,44,2.3617820719269997
560,minor_axis_length,1,1862,18.351407323774723,48,2.577873254564984
560,minor_axis_length,2,1862,19.466903435417702,57,3.061224489795918
560,minor_axis_length,3,1863,20.294736734383804,58,3.113258185721954
560,minor_axis_length,4,1862,21.12552748452527,78,4.189044038668099
560,minor_axis_length,5,1862,22.14325021477685,133,7.142857142857142
560,minor_axis_length,6,1863,23.91791267621181,371,19.91411701556629
560,minor_axis_length,7,1862,26.78035351201062,839,45.05907626208378
560,minor_axis_length,8,1862,29.992444569936943,1135,60.95596133190118
560,minor_axis_length,9,1863,34.86350255499409,1294,69.45786366076221
560,z_um,0,1863,26.216453309156844,270,14.492753623188406
560,z_um,1,1862,56.35547392518305,349,18.743286788399573
560,z_um,2,1862,83.522772801185,431,23.147153598281417
560,z_um,3,1863,109.86637367491169,357,19.162640901771336
560,z_um,4,1862,134.70008261591414,363,19.49516648764769
560,z_um,5,1862,156.8391778381873,457,24.543501611170786
560,z_um,6,1863,178.5812725684333,498,26.73107890499195
560,z_um,7,1862,202.48777158820164,457,24.543501611170786
560,z_um,8,1862,223.87128162586984,502,26.96025778732546
560,z_um,9,1863,245.10168160585783,373,20.021470746108427
560,depth27,0,1863,15.788130700588226,0,0.0
560,depth27,1,1862,27.104763865470886,0,0.0
560,depth27,2,1862,37.146378725767136,2,0.10741138560687433
560,depth27,3,1863,48.19618606567383,9,0.4830917874396135
560,depth27,4,1862,62.53976298868656,22,1.1815252416756177
560,depth27,5,1862,83.64453528821468,86,4.618689581095596
560,depth27,6,1863,128.43272203207016,315,16.908212560386474
560,depth27,7,1862,271.07320377230644,811,43.55531686358754
560,depth27,8,1862,527.3578254878521,1272,68.31364124597206
560,depth27,9,1863,1113.0837087631226,1540,82.66237251744498
560,snap25,0,1863,0.0,65,3.4889962426194314
560,snap25,1,1862,0.0,17,0.9129967776584319
560,snap25,2,1862,2.0929256677627563,55,2.9538131041890443
560,snap25,3,1863,3.680569887161255,66,3.542673107890499
560,snap25,4,1862,6.504364013671875,65,3.4908700322234156
560,snap25,5,1862,12.868211269378662,121,6.498388829215897
560,snap25,6,1863,27.97016143798828,274,14.707461084272676
560,snap25,7,1862,80.13002395629883,729,39.151450053705695
560,snap25,8,1862,206.84436798095703,1175,63.10418904403867
560,snap25,9,1863,497.3040771484375,1490,79.97852925389157
560,nearest_both_marker_um,0,1863,3.941608821115544,284,15.24422973698336
560,nearest_both_marker_um,1,1862,6.573517735765934,437,23.46938775510204
560,nearest_both_marker_um,2,1862,8.655796081550093,471,25.2953813104189
560,nearest_both_marker_um,3,1863,10.640364549424238,496,26.623725174449813
560,nearest_both_marker_um,4,1862,12.81750281881359,488,26.20837808807734
560,nearest_both_marker_um,5,1862,15.210644155695345,422,22.663802363050483
560,nearest_both_marker_um,6,1863,18.20758232832808,441,23.67149758454106
560,nearest_both_marker_um,7,1862,22.068635682229065,424,22.771213748657356
560,nearest_both_marker_um,8,1862,27.739878304477813,393,21.106337271750807
560,nearest_both_marker_um,9,1863,41.491986632629306,201,10.789049919484702
560,mixed_exclusive_neighborhood,0,1863,0.0,1123,60.279119699409556
560,mixed_exclusive_neighborhood,1,1862,0.0,629,33.78088077336198
560,mixed_exclusive_neighborhood,2,1862,0.0,256,13.748657357679914
560,mixed_exclusive_neighborhood,3,1863,0.0,138,7.4074074074074066
560,mixed_exclusive_neighborhood,4,1862,0.0,118,6.337271750805586
560,mixed_exclusive_neighborhood,5,1862,0.0,101,5.424274973147154
560,mixed_exclusive_neighborhood,6,1863,0.2,647,34.72893183038111
560,mixed_exclusive_neighborhood,7,1862,0.2,457,24.543501611170786
560,mixed_exclusive_neighborhood,8,1862,0.2,129,6.9280343716433945
560,mixed_exclusive_neighborhood,9,1863,0.4,459,24.637681159420293
