section,lambda_spatial,seed_stability_ari,spatial_neighbor_agreement,molecular_silhouette,min_region_fraction,score
500,0.35,0.7413793354461323,0.23649386012311538,0.12084206938743591,0.030800038142462096,0.4650739339670508
500,0.55,0.9603018978011075,0.2516422448957969,0.11737169325351715,0.030800038142462096,0.5613957094270199
500,0.8,0.9602911546510623,0.29598020830022354,0.09825205057859421,0.03035504275134293,0.571802447611517
500,1.1,0.7726166706222948,0.33860440969242345,0.06202555447816849,0.04367311909983789,0.5174030566659339
500,1.45,0.9534454472250116,0.4108261021582276,0.03691132366657257,0.03763389593464925,0.6085230576923392
530,0.35,0.7322326459997246,0.2717382472903362,0.14425766468048096,0.05615950860429971,0.4931777125681818
530,0.55,0.8065685725603284,0.2775800711743772,0.1400354504585266,0.056744503485594504,0.5255666050454173
530,0.8,0.9205036674235236,0.3125010156161134,0.14075390994548798,0.06161946082971774,0.5850725792613851
530,1.1,0.9560134546139336,0.36953801654235524,0.10815667361021042,0.06269195144542486,0.6129413976466671
530,1.45,0.891587172841302,0.4413745754724646,0.0724199190735817,0.06678691561448838,0.6031558079325048
560,0.35,0.7701759899063596,0.18672824055533307,0.1362922489643097,0.06137364837805367,0.47962683995750666
560,0.55,0.96805326462994,0.1947295087438259,0.1324457973241806,0.05902082498998799,0.5646833525483899
560,0.8,0.7450716185096974,0.20735299025497264,0.12439573556184769,0.05641770124148979,0.47374779895934643
560,1.1,0.8583326826976071,0.27983580296355626,0.04640349745750427,0.05872046455746896,0.5311981712533194
560,1.45,0.7805595026645071,0.3575457215325057,0.011766187846660614,0.05857028434120945,0.5179429930372188
