fine26,gene,n_cells,std_effect_vs_rest,log2_mean_count_ratio_vs_rest,frac_pos_type,frac_pos_rest,rank
ChAT01,Slc5a7,834,3.8633586292607025,6.800038814544678,1.0,0.7166741661510772,1.0
ChAT01,Mc4r,834,2.210349665043045,2.7618894577026367,0.9988009592326139,0.9070532650880252,2.0
ChAT01,Ebf3,834,1.4618604471155996,1.9325982332229614,0.9964028776978417,0.8564176837842399,3.0
E01,Dscaml1,3730,0.9527312795710027,0.7624610066413879,1.0,0.6449574904720023,1.0
E01,Nfib,3730,-0.2841222314591146,-0.6751238107681274,0.8466487935656837,0.8629141014365289,2.0
E01,Slc6a2,3730,-0.32003312023773717,-3.1878435611724854,0.5029490616621984,0.6066549399003225,3.0
E02,Cep112,4449,1.0810811963959561,0.8452287316322327,1.0,0.4355787321669309,1.0
E02,Nfib,4449,-0.2392273788410685,-0.5868831872940063,0.8491795909193077,0.8629205493251951,2.0
E02,Slc17a6,4449,-0.34680706534224776,-0.7406505346298218,0.7689368397392673,0.8090843098620761,3.0
E03,Pdyn,3207,0.9816823275778287,0.8467473387718201,0.971000935453695,0.7155637664925883,1.0
E03,Nfib,3207,0.9135794428000819,0.7462249994277954,0.9772372934206424,0.8566981365375383,2.0
E03,Npy1r,3207,0.439048826951372,0.41698727011680603,0.8646710321172435,0.6924632326200486,3.0
E04,Dscaml1,173,3.645264776291412,3.45080828666687,1.0,0.6625520709976733,1.0
E04,Cep112,173,1.587172530486706,2.5318500995635986,0.930635838150289,0.46937041113448597,2.0
E04,Meis2,173,1.3025627667422677,1.321974515914917,1.0,0.8387227106176073,3.0
E05,Pdyn,3313,-0.07307899409039464,-0.4324566423892975,0.8690009055236946,0.7200926613925434,1.0
E05,Nfib,3313,-0.32906728336892754,-0.7745968699455261,0.8291578629640809,0.8636595422294098,2.0
E05,Npy1r,3313,-0.4475593122886063,-0.9514168500900269,0.5807425294295201,0.7059020644841704,3.0
E06,Slc17a6,5565,1.8088358731213738,1.478411316871643,1.0,0.7903893951946976,1.0
E06,Otx2os1,5565,0.30149685897450734,0.09217257052659988,0.8382749326145552,0.6589591022068239,2.0
E06,Nfib,5565,0.2070765118000111,-0.08438991755247116,0.9358490566037736,0.8558861188521504,3.0
E07,Otx2os1,2988,0.8031116874885206,0.5478118062019348,1.0,0.6586525912821554,1.0
E07,Nfib,2988,-0.07977047815989002,-0.32033059000968933,0.8467202141900937,0.8627359995359764,2.0
E07,Piezo2,2988,-0.4653025375519182,-1.2960110902786255,0.5840026773761714,0.7254429975928772,3.0
E08,Slc17a6,7098,0.0448191954847673,-0.3880459666252136,0.9010989010989011,0.7962591747363227,1.0
E08,Nfib,7098,-0.42578263307636577,-0.953544557094574,0.8412228796844181,0.8643526799481898,2.0
E08,Slc6a2,7098,-0.6502388891594555,-4.358194828033447,0.38503803888419275,0.6249460309628077,3.0
I01,Lmx1a,5639,3.088906292613684,2.881922721862793,0.9996453271856712,0.7646695118456968,1.0
I01,Zfhx3,5639,1.2558152278630823,1.4913614988327026,0.9503458059939706,0.7324275007163216,2.0
I01,Meis2,5639,0.9803828144999422,0.8216193914413452,0.978719631140273,0.8272383164180905,3.0
I02,Ghr,3145,2.974599561964512,3.4542453289031982,0.9980922098569157,0.6546471913378388,1.0
I02,Slc32a1,3145,1.9906434334070087,2.101555824279785,0.9939586645468999,0.8598067000944699,2.0
I02,Epb41l4a,3145,1.253220752434849,1.6202359199523926,0.9751987281399046,0.6941065329554538,3.0
I03,Foxp2,4299,2.5895855986140077,2.8196873664855957,0.9990695510583857,0.7038624706212768,1.0
I03,Slc32a1,4299,1.3393613620123677,1.465532660484314,0.9755757152826239,0.8586864939173109,2.0
I03,Tacr1,4299,1.0771198522190695,1.507070779800415,0.9406838799720866,0.698334097056954,3.0
I04,Fstl4,801,2.6640060362524345,2.917728900909424,0.9987515605493134,0.6062769680529593,1.0
I04,Mc4r,801,1.1613738403922913,1.375410556793213,0.9950062421972534,0.9071385402465248,2.0
I04,Meis2,801,1.1051612985236619,1.1245630979537964,0.9887640449438202,0.8374256841276757,3.0
I05,Tacr1,4143,1.441869332007964,1.7735038995742798,0.9596910451363746,0.6977303228280266,1.0
I05,Slc32a1,4143,0.9071797913762347,0.6946972012519836,0.9884141926140478,0.8581709852965033,2.0
I05,Meis2,4143,0.7507156127911352,0.5154403448104858,0.9642770938933141,0.8314628283215597,3.0
I06,Pde11a,2504,2.768185850147561,2.848590612411499,1.0,0.7646660714799989,1.0
I06,Meis2,2504,0.9051200391468229,1.0070048570632935,0.9712460063897763,0.8343461106471215,2.0
I06,Mc4r,2504,0.8995920929301376,0.7500047087669373,0.990814696485623,0.9051349249776806,3.0
I07,Mc4r,3308,1.873619212155281,2.1347808837890625,0.9960701330108828,0.9038780921301827,1.0
I07,Meis2,3308,1.8189374427234741,2.6074039936065674,0.9984885126964933,0.8314297368957781,2.0
I07,Ebf3,3308,1.1996161315098892,1.186134934425354,0.9854897218863361,0.8518982547128581,3.0
I08,Nfib,4785,1.886392148122742,2.10427188873291,0.9901776384535005,0.8529442417926003,1.0
I08,Ghr,4785,1.3977531759831174,2.3876757621765137,0.9005224660397074,0.6532122385170848,2.0
I08,Slc32a1,4785,0.7523618525680541,0.6530736684799194,0.9690700104493208,0.8583041762822898,3.0
I09,Zfhx3,3084,1.1547931625262084,1.4604450464248657,0.9212062256809338,0.741817442569628,1.0
I09,Ghr,3084,0.9684562677451473,1.5731667280197144,0.8330090791180286,0.6623442627711789,2.0
I09,Snap25,3084,0.4549574015172663,0.006083596032112837,0.961413748378729,0.8637208491853745,3.0
I10,Bcl11b,1391,4.13851295034846,4.641693115234375,1.0,0.5861335903286611,1.0
I10,Pde11a,1391,1.2933247707842574,1.8220245838165283,0.9626168224299065,0.7691152085488739,2.0
I10,Epb41l4a,1391,0.8294236406707364,0.6415730714797974,0.9446441409058232,0.7016964526141244,3.0
I11,Meis2,1434,1.2297044600154776,0.9793062806129456,0.995118549511855,0.8359379431618356,1.0
I11,Epb41l4a,1434,1.1254985193686495,1.43000328540802,0.9532775453277545,0.7013727381019911,2.0
I11,Otx2os1,1434,0.9364722810529376,1.0355854034423828,0.9093444909344491,0.6680186057065063,3.0
I12,Piezo2,468,4.835696173327337,5.978362560272217,0.9978632478632479,0.7177471251503875,1.0
I12,Zfhx3,468,2.5323259880090867,3.684779405593872,0.9893162393162394,0.7479365434654878,2.0
I12,Snap25,468,2.0491920084869957,3.279369354248047,0.9957264957264957,0.8670714305699337,3.0
I13,Npy5r,1819,0.48057311462013974,0.25502583384513855,0.9923034634414514,0.686885970540845,1.0
I13,Hcrtr1,1819,-0.24810645217145536,-1.1256412267684937,0.3749312809235844,0.46664100041351186,2.0
I13,Bcl11b,1819,-0.48859581501750693,-1.8857171535491943,0.45409565695437054,0.5977670359755315,3.0
I14,Slc32a1,174,2.650528047796773,2.8742849826812744,1.0,0.8653449621043245,1.0
I14,Zfhx3,174,2.3633762871047455,2.5880448818206787,1.0,0.7488993535443602,2.0
I14,Slc17a6,174,2.1357172538447764,2.175783634185791,0.9942528735632183,0.8061469014712439,3.0
NE01,Slc6a2,1833,6.0910755286049225,7.768987655639648,0.9972722313147845,0.5909265941212545,1.0
NE01,Ebf3,1833,2.5445710577338234,2.9280476570129395,0.9989088925259137,0.8543577163883224,2.0
NE01,Foxp2,1833,2.381874926065731,2.595503330230713,0.9978177850518276,0.7142775646419556,3.0
O01,Hcrtr1,563,-0.7756467601461108,-2.4431748390197754,0.1261101243339254,0.466989788056649,1.0
O01,Epb41l4a,563,-0.7870039934463964,-1.5357685089111328,0.30728241563055064,0.7095409528345497,2.0
O01,Zfhx3,563,-0.8226786516820946,-2.141709804534912,0.45293072824156305,0.7518455741241402,3.0
O02,Nfib,1203,-0.32365052993671123,-0.8298243284225464,0.8836242726517041,0.8617043832247304,1.0
O02,Hcrtr1,1203,-0.822438984583512,-2.622763156890869,0.1230257689110557,0.4701259417360453,2.0
O02,Slc6a2,1203,-0.8722064369943788,-4.902553558349609,0.17955112219451372,0.608449828261269,3.0
