target,baseline_section,section,fine26,fine26_name,n_target,target_soft_mean,baseline_mapped_soft_mean,log2_soft_enrichment,fdr_soft,target_top1_fraction,baseline_mapped_top1_fraction
VTA,500,anterior,E04,E04-Dscaml1-Cep112,45,0.0734320851939795,0.0438749800192114,0.7429988641821811,0.0336201276917521,0.0666666666666666,0.0446902514223959
VTA,500,anterior,E08,E08-Slc17a6-LowInfo,45,0.0280057949362285,0.0338740786663272,-0.2744474041844127,0.0287671054699515,0.0,0.0263182988461905
PCRT,500,anterior,I01,I01-Lmx1a-Zfhx3,628,0.0216964163389895,0.0585626473058208,-1.4324821452793448,2.7445900561912524e-15,0.0175159235668789,0.0780013349861733
PCRT,500,anterior,I08,I08-Nfib-Ghr,628,0.0309046229386899,0.0474611341155657,-0.6189076276567991,4.334271217110264e-14,0.0159235668789808,0.0529226661581005
PCRT,500,anterior,I09,I09-Zfhx3-Ghr,628,0.0248287393759678,0.04210361106747,-0.7619091196168905,1.022116721900471e-07,0.0159235668789808,0.0459298814405136
PCRT,500,anterior,E02,E02-Cep112-LowInfo,628,0.0455109599992447,0.0454180263383361,0.0029489392737632,2.88359813746103e-06,0.0477707006369426,0.0502844791964654
PCRT,500,anterior,I10,I10-Bcl11b-Pde11a,628,0.0223571780938812,0.0422560195100415,-0.9183883823444572,2.793765699246484e-05,0.0143312101910828,0.0441816852611169
PCRT,500,anterior,E08,E08-Slc17a6-LowInfo,628,0.0280312282550865,0.0338740786663272,-0.2731378693845694,4.4401803888672816e-10,0.0095541401273885,0.0263182988461905
VTA,530,medial,E04,E04-Dscaml1-Cep112,49,0.0572327545875771,0.0275782074449991,1.0532852540007116,0.0002816182871865,0.0204081632653061,0.0249110320284697
VTA,530,medial,E08,E08-Slc17a6-LowInfo,49,0.0052218855251351,0.0289613046953778,-2.4712574221689976,3.0060561549106853e-05,0.0,0.0194998293764929
PCRT,530,medial,I01,I01-Lmx1a-Zfhx3,949,0.0491474167356195,0.050662686402303,-0.043807112147721,6.87949981836706e-30,0.0611169652265542,0.0603519719202456
PCRT,530,medial,I08,I08-Nfib-Ghr,949,0.0475329173920119,0.074179264790235,-0.6420781148863155,7.770283267181979e-14,0.0432033719704952,0.0898942134256325
PCRT,530,medial,I09,I09-Zfhx3-Ghr,949,0.0266232109152318,0.0364127889508819,-0.4517460972497688,6.298773608119896e-12,0.0168598524762908,0.0350021937308048
PCRT,530,medial,E02,E02-Cep112-LowInfo,949,0.0366382665065476,0.0350144966987437,0.065397069526703,6.907534427839249e-11,0.0484720758693361,0.0372446741091015
PCRT,530,medial,I10,I10-Bcl11b-Pde11a,949,0.0222695793967979,0.0376417090713524,-0.7572313675944337,3.893874085617446e-07,0.0147523709167544,0.0390971578998683
PCRT,530,medial,E08,E08-Slc17a6-LowInfo,949,0.0159931859240092,0.0289613046953778,-0.856628846765482,7.107732313834979e-05,0.0010537407797681,0.0194998293764929
VTA,560,posterior,E04,E04-Dscaml1-Cep112,188,0.0734367214806107,0.0332059685466777,1.145035271899007,0.7717858140981189,0.0638297872340425,0.026832198638366
VTA,560,posterior,E08,E08-Slc17a6-LowInfo,188,0.0139357468771711,0.0335102433105404,-1.2657513675270764,0.0014967972954115,0.0106382978723404,0.0334401281537845
PCRT,560,posterior,I01,I01-Lmx1a-Zfhx3,251,0.0143702851614983,0.0238808660247915,-0.7327264853974338,0.3164336037655661,0.0119521912350597,0.0135662795354425
PCRT,560,posterior,I08,I08-Nfib-Ghr,251,0.0366980677415586,0.0479862512071537,-0.3869077602853047,0.3164336037655661,0.0239043824701195,0.0549659591509811
PCRT,560,posterior,I09,I09-Zfhx3-Ghr,251,0.0166059560796118,0.0283295124869217,-0.7705690364626862,8.664302499633915e-08,0.0119521912350597,0.0193732478974769
PCRT,560,posterior,E02,E02-Cep112-LowInfo,251,0.0985478791848483,0.0647610406917991,0.605691016750647,3.44327125415424e-16,0.095617529880478,0.0602723267921505
PCRT,560,posterior,I10,I10-Bcl11b-Pde11a,251,0.0349881346264172,0.0473786600825878,-0.4373608648765005,2.675686923457612e-09,0.0358565737051792,0.046906287545054
PCRT,560,posterior,E08,E08-Slc17a6-LowInfo,251,0.0217365417320416,0.0335102433105404,-0.6244564161493955,6.967220292595283e-07,0.0239043824701195,0.0334401281537845
