figure,panel,tier,biological_question,panel_content,authority,source,visual_mode,claim_boundary
Fig1,A,MAIN,Where is periLC?,Direct LC-anchored anatomy across S500/S530/S560,Stage832,stage832_current_perilc_anatomy_source_panels/CURRENT_PERILC_ANATOMY_3SECTIONS.png,black spatial,Use observed LC boundary; 450 um operational field
Fig1,B,MAIN,Is the spatial definition robust?,400/450/500 um sensitivity of counts and Fine26 composition,Stage832,stage832_current_perilc_anatomy_source_panels/CURRENT_PERILC_THRESHOLD_SENSITIVITY.png,white analytical,Composition rho >0.995 across thresholds
Fig1,C,MAIN,What molecular populations are resolved?,Current Fine26 x 27-gene dotplot,Stage827,stage827_current_fine26_taxonomy_source_panels/CURRENT_FINE26_DOTPLOT.png,white analytical,Fine26 = local molecular populations; do not overclaim exact transcriptomic identity
Fig1,D,MAIN,Are Fine26 profiles reproducible across AP sections?,Fine26 section profile correlation + exact section counts,Stage827,stage827_current_fine26_taxonomy_source_panels/CURRENT_FINE26_SECTION_REPRODUCIBILITY.png,white analytical,16 strong / 6 moderate / 4 limited
Fig1,E,MAIN,Where do Fine26 populations sit in tissue?,Current Fine26 spatial atlas across three sections,Stage833,stage833_current_fine26_spatial_atlas/CURRENT_FINE26_SPATIAL_ATLAS_3SECTIONS.png,black spatial,Direct tissue evidence; no nucleus claim
Fig2,A,MAIN,Does periLC contain reproducible multigene spatial domains?,Current medial450 R1-R5 across three sections,Stage823,stage823_current_k5_r1r5_reconciliation/CURRENT_MEDIAL450_R1R5_CORONAL.png,black spatial,Primary Stage106/121 K5 lineage preserved 100%
Fig2,B,MAIN,Do R1-R5 domains differ in molecular population composition?,R1-R5 x Fine26 section-preserving enrichment,Stage824b,stage824b_current_r1r5_fine26_permutation/CURRENT_R1R5_FINE26_PERMUTATION_BUBBLE_PC0P5.png,white analytical,75/130 FDR pairs; 27 strong effects
Fig2,C,MAIN,Are domains sufficient to explain spatial molecular organization?,Unique CV variance from R1-R5 versus smooth LC-centered coordinates,Stage826,stage826_r1r5_continuous_structure_decomposition/R1R5_VS_CONTINUOUS_UNIQUE_VARIANCE.png,white analytical,Discrete and continuous layers each add unique held-out information
Fig2,D,MAIN,Does continuous structure remain inside domains?,Within-R1-R5 medial gene gradients,Stage826,stage826_r1r5_continuous_structure_decomposition/WITHIN_R1R5_MEDIAL_GRADIENTS.png,white analytical,Same-sign across sections + FDR + effect threshold
Fig2,E,SUPPLEMENT,Does continuous structure also vary orthogonally?,Within-R1-R5 orthogonal gene gradients,Stage826,stage826_r1r5_continuous_structure_decomposition/WITHIN_R1R5_ORTHOGONAL_GRADIENTS.png,white analytical,Complementary axis
Fig3,A,MAIN,Does molecular identity correspond to soma geometry?,All Fine26 soma-size distributions,Stage828,stage828_current_morphology_source_panels/CURRENT_FINE26_SOMA_SIZE_DISTRIBUTIONS.png,white analytical,Distribution is primary evidence; soma-size proxy only
Fig3,B,MAIN,Are representative size effects reproduced across all sections?,I07/I02/I08 versus O01/O02/E05 section consistency,Stage828,stage828_current_morphology_source_panels/CURRENT_MORPHOLOGY_SECTION_CONSISTENCY.png,white analytical,Representative types require >=20 cells in every section
Fig3,C,MAIN,What do those populations look like in tissue context?,Large versus small soma-proxy Fine26 spatial examples,Stage828,stage828_current_morphology_source_panels/CURRENT_MORPHOLOGY_SPATIAL_EXAMPLES.png,black spatial,Point size display only; not calibrated morphology
Fig4,A,MAIN,Does projection target bias molecular composition?,Section-matched baseline versus VTA/PCRT Fine26 composition,Stage829,stage829_current_projection_source_panels/TARGET_COHORT_FINE26_COMPOSITION.png,white analytical,Many-to-many molecular mixture
Fig4,B,MAIN,Which target biases reproduce across AP sections?,Eight reproducible VTA/PCRT x Fine26 shifts,Stage829,stage829_current_projection_source_panels/REPRODUCIBLE_PROJECTION_SHIFTS_BY_SECTION.png,white analytical,VTA E04 up/E08 down; PCRT E02 up and E08/I01/I08/I09/I10 down
Fig4,C,SUPPLEMENT,What are all section-resolved target effects?,All Fine26 projection enrichment heatmap,Stage829,stage829_current_projection_source_panels/PROJECTION_SECTION_ENRICHMENT_ALL_FINE26.png,white analytical,Source-level complete view; layout to refine before publication
Fig5,A,MAIN_OR_SUPP,How confidently do local populations map to own scRNA?,Reference-specific confidence strip,Stage830,stage830_current_external_reference_crosswalk/REFERENCE_CONFIDENCE_STRIPS.png,white analytical,Keep references separate
Fig5,B,MAIN_OR_SUPP,What are the actual external labels for priority populations?,Own scRNA / Luskin / MapMyCells label crosswalk,Stage830,stage830_current_external_reference_crosswalk/PRIORITY_REFERENCE_CROSSWALK.png,white analytical,Actual labels + numeric confidence
Fig5,C,SUPPLEMENT,What is the full 26-population crosswalk?,Full external-reference table,Stage830,stage830_current_external_reference_crosswalk/FINE26_EXTERNAL_REFERENCE_CROSSWALK.csv,table,Do not collapse to binary support
Supp1,A-Z,SUPPLEMENT,Can each measured gene be inspected directly across AP sections?,27 current corrected48 per-gene S500/S530/S560 panels,Stage825,stage825_current27_pergene_3section_review,black spatial,Shared color scale within gene across sections
Supp2,A-B,SUPPLEMENT,What is the broad molecular-class spatial context?,Broad E/I/Other/ChAT/NE spatial atlas,Stage833,stage833_current_fine26_spatial_atlas/CURRENT_BROAD_CLASS_SPATIAL_ATLAS_3SECTIONS.png,black spatial,Low-complexity tissue overview
Supp3,A-N,QC/SUPPLEMENT,Did correction preserve biological structure?,"Correction, overcorrection and RS-FISH audit",Stage394/594 + review page,perilc-map6-review correction sections,mixed QC,Not part of core biological figure narrative
Supp4,A-B,SUPPLEMENT,How do current results relate to Luskin/Su/MapMyCells?,Reference-specific analyses and source tables,Stage809/810/811/830,stage809_luskin2025_complete_currentdata; stage810_su2026_complete_currentdata; stage811_mapmycells_complete_currentdata,white analytical,"External comparison, not primary local identity"
