region,gene,n_cells,mean_log1p,fraction_positive,z_mean
R1,Nfib,12428,1.3450088662207533,0.7748632121017058,-1.0790330790538551
R1,Snap25,12428,2.639656856504826,0.800852912777599,-1.6281580986175312
R1,Zfhx3,12428,1.097282442826125,0.6755712906340522,-1.8435830467884748
R1,Npy5r,12428,0.7853394108815023,0.6000965561635018,-1.6798193110519077
R1,Hcrtr1,12428,0.4936907081326514,0.3719826198905697,-0.8020172094244566
R1,Bcl11b,12428,0.6662371669148287,0.45421628580624396,-1.0345684801524522
R1,Slc5a7,12428,0.7341743027510977,0.5440939813324751,-1.5616134659014966
R1,Npy1r,12428,0.7182335333716597,0.5443353717412295,-1.7520235404122941
R1,Pdyn,12428,0.6681207274232384,0.5617154811715481,-1.534340772554161
R1,Lmx1a,12428,0.998070028633476,0.6569842291599614,-1.6421954767775893
R1,Piezo2,12428,0.6719722000159274,0.5271161892500804,-1.6290051877868452
R1,Tacr1,12428,0.818822756648986,0.5856131316382363,-1.6982454373608151
R1,Slc6a4,12428,0.7575351107018142,0.5725780495654973,-1.5609660094199502
R1,Slc6a2,12428,0.4831777673978729,0.382764724814934,-0.7609413894273851
R1,Foxp2,12428,1.0007772914578408,0.6007402639201802,-1.114589328989764
R1,Fstl4,12428,0.4729267763282532,0.38759253299002255,-1.4042385964323838
R1,Epb41l4a,12428,0.7984596402543511,0.558818796266495,-1.4184706103427724
R1,Pde11a,12428,0.8390487781719363,0.605487608625684,-1.8431798069037089
R1,Slc32a1,12428,1.3865393708798701,0.7277920823945928,-1.9131288019826602
R1,Ghr,12428,0.770139191553293,0.4308014161570647,-1.363952254533949
R1,Ebf3,12428,1.26686593569448,0.7394592854843901,-1.2982150673743282
R1,Cep112,12428,0.29950552063526586,0.2908754425490827,-1.8057148521210002
R1,Otx2os1,12428,0.6039920666470773,0.48366591567428385,-1.8247671529964729
R1,Dscaml1,12428,0.6301134879890525,0.5018506598004506,-1.1580340717555553
R1,Mc4r,12428,1.6313277127714334,0.7824267782426778,-1.5927438455529301
R1,Meis2,12428,1.3896615385507125,0.6972964274219504,-1.77159460921345
R1,Slc17a6,12428,0.8748045767906893,0.6112005149662053,-1.6811070596544588
R2,Nfib,19848,1.3453314486357923,0.8404877065699314,-1.0768116730879544
R2,Snap25,19848,3.3655757966273514,0.8994357114066909,0.34579330781944234
R2,Zfhx3,19848,1.321103464985844,0.7390669085046352,-0.12448591211303128
R2,Npy5r,19848,1.034702159779768,0.7061164852881903,-0.059934949511953904
R2,Hcrtr1,19848,0.6209968498917539,0.4573256751309956,-0.49392356062287324
R2,Bcl11b,19848,1.0495689443501393,0.6464127367996776,0.0027799001077583275
R2,Slc5a7,19848,0.9916671675177577,0.6873236598145909,-0.6713016473064014
R2,Npy1r,19848,1.1010201266160433,0.7074264409512293,0.004718786138658969
R2,Pdyn,19848,0.9046934742576636,0.7095425231761386,-0.5822235718471195
R2,Lmx1a,19848,1.420839270290818,0.8013905683192262,0.6561174672567402
R2,Piezo2,19848,1.0691036803186191,0.7207275292220878,-0.18629707854965993
R2,Tacr1,19848,1.222587630359487,0.7376561870213624,0.7393797471948603
R2,Slc6a4,19848,1.059646406995285,0.7219367190648932,-0.45966250280669585
R2,Slc6a2,19848,0.7186167081125029,0.5430270052398226,-0.5550629882921404
R2,Foxp2,19848,1.5342015935621411,0.7588170092704555,0.35189969292585105
R2,Fstl4,19848,0.6931915901866984,0.5382406287787183,-0.775984390815152
R2,Epb41l4a,19848,1.1522258050199583,0.7036981056025796,-0.2948019821914242
R2,Pde11a,19848,1.2614891496086997,0.7709089076985086,-0.058173137571867935
R2,Slc32a1,19848,1.9311340659491871,0.8629081015719468,-0.04723243972372532
R2,Ghr,19848,0.952578458845649,0.6115981459089077,-0.9624201098484592
R2,Ebf3,19848,1.7895573829255356,0.8720274083031035,-0.11110588012960872
R2,Cep112,19848,0.52423043351237,0.46599153567110035,-0.11552008890211568
R2,Otx2os1,19848,0.9584233366200408,0.6608726320032245,-0.09366484165324204
R2,Dscaml1,19848,0.8921078822656888,0.6531640467553406,-0.43725726326916325
R2,Mc4r,19848,2.2582545116755286,0.9066908504635228,-0.24462298088061127
R2,Meis2,19848,2.278136051256684,0.8694074969770254,0.6813035847008203
R2,Slc17a6,19848,1.2011021687819374,0.781590084643289,-0.6110203647451821
R3,Nfib,16490,1.7163711285764325,0.9105518496058217,1.4782865597352153
R3,Snap25,16490,3.045455921652263,0.8359005457853245,-0.5246910431314333
R3,Zfhx3,16490,1.3729184334423632,0.7771376591873863,0.27348816086451355
R3,Npy5r,16490,1.0028133935676857,0.6781079442086113,-0.267087436898233
R3,Hcrtr1,16490,0.5595127277138707,0.3777440873256519,-0.642721311331487
R3,Bcl11b,16490,0.7791925375757871,0.519648271679806,-0.7288957504330625
R3,Slc5a7,16490,1.3684115138126427,0.7947240751970891,0.6313361729655383
R3,Npy1r,16490,1.0661996842651906,0.7090357792601577,-0.15508447235194597
R3,Pdyn,16490,1.130859768916335,0.7896907216494845,0.32801153446210485
R3,Lmx1a,16490,1.1751134419526987,0.8016373559733172,-0.6797291277772374
R3,Piezo2,16490,1.0543025782588817,0.739417828987265,-0.2400668526077494
R3,Tacr1,16490,1.0111986814581595,0.7194663432383263,-0.536825933708647
R3,Slc6a4,16490,1.2865681628663639,0.7959369314736203,0.36754829180355947
R3,Slc6a2,16490,0.8463156017179836,0.6119466343238327,-0.44339733110545565
R3,Foxp2,16490,1.15511589046666,0.7275318374772589,-0.6902819620186688
R3,Fstl4,16490,1.1072818297523779,0.7228623408126137,0.40511180859586704
R3,Epb41l4a,16490,1.1453201346292892,0.7306852637962401,-0.31673648567761786
R3,Pde11a,16490,1.3596234080625906,0.8361431170406307,0.356489659059897
R3,Slc32a1,16490,2.1770083085588183,0.9204366282595512,0.7951846073246082
R3,Ghr,16490,1.9779786332614495,0.7802304426925409,1.2943919093220604
R3,Ebf3,16490,1.715593863901967,0.8796846573681019,-0.2790879150738588
R3,Cep112,16490,0.5522175792698661,0.5018192844147968,0.0949760532084511
R3,Otx2os1,16490,1.0077393865401443,0.6966646452395391,0.14720309307927068
R3,Dscaml1,16490,0.8929781981423927,0.6746513038204973,-0.4348629238722551
R3,Mc4r,16490,2.4176302138322385,0.9552456033959976,0.09809280312295283
R3,Meis2,16490,1.8908297980187567,0.8456033959975743,-0.3879705424382799
R3,Slc17a6,16490,1.6715794499252667,0.886719223771983,0.9319008555317713
R4,Nfib,18649,1.6033850069469266,0.9010134591667114,0.7002278902277396
R4,Snap25,18649,3.4232377247913277,0.9031583462920264,0.5025902143417287
R4,Zfhx3,18649,1.472856149039567,0.7804171805458737,1.0410775448794072
R4,Npy5r,18649,1.1658160450701833,0.7426135449621963,0.7917934393555306
R4,Hcrtr1,18649,0.8313935986137585,0.5510215024934313,0.015257702072314194
R4,Bcl11b,18649,1.018608846991505,0.6611614563783581,-0.08100237086010477
R4,Slc5a7,18649,1.2833777116643625,0.7768244946109711,0.3373218160966747
R4,Npy1r,18649,1.2593166718025024,0.7689420344254384,0.7311973148636678
R4,Pdyn,18649,1.135493984287726,0.7716231433320822,0.3466625254402434
R4,Lmx1a,18649,1.4731770125592345,0.8154860850447745,0.9406426849510997
R4,Piezo2,18649,1.3299957973094627,0.8033138506086117,0.7614776295441505
R4,Tacr1,18649,1.1767682342251713,0.7469569413909593,0.4627570857638842
R4,Slc6a4,18649,1.2335736251027547,0.7708724328382219,0.17436428648348862
R4,Slc6a2,18649,1.1148973409094218,0.7128532360984503,-0.20853737603167474
R4,Foxp2,18649,1.2975692375229069,0.7268486245911309,-0.2986495058875763
R4,Fstl4,18649,1.0710433087790492,0.6960694943428603,0.3017498471094837
R4,Epb41l4a,18649,1.3730581897895993,0.759611775430318,0.4066286450419728
R4,Pde11a,18649,1.3696814665473434,0.8083007131749692,0.39898962518470393
R4,Slc32a1,18649,2.0813172619617766,0.8982787280819347,0.46732688604540196
R4,Ghr,18649,1.6480010903335016,0.7761274062952437,0.568141511168555
R4,Ebf3,18649,1.792586610110021,0.880422542763687,-0.1042260594629345
R4,Cep112,18649,0.6818973480739312,0.5490374819025149,1.0703199228395508
R4,Otx2os1,18649,1.1975432162425514,0.7760737841171108,1.0742371223416938
R4,Dscaml1,18649,1.1363665425261416,0.7274384685505926,0.23472649452756258
R4,Mc4r,18649,2.467751695008558,0.9355461418842833,0.20587223552270548
R4,Meis2,18649,2.3996340553505218,0.8919513110622553,1.016734967980792
R4,Slc17a6,18649,1.612824134042593,0.8751139471285324,0.7392139239563547
R5,Nfib,4535,1.4984091252943632,0.85909592061742,-0.022669697821145453
R5,Snap25,4535,3.718126718708985,0.8851157662624035,1.3044656195877935
R5,Zfhx3,4535,1.422395199285041,0.770231532524807,0.6535032531575853
R5,Npy5r,4535,1.2309713040467314,0.7658213891951489,1.2150482581065678
R5,Hcrtr1,4535,1.619851239120262,0.7062844542447629,1.9234043793065023
R5,Bcl11b,4535,1.729100937716336,0.7439911797133407,1.8416867013378602
R5,Slc5a7,4535,1.5514626937322635,0.8390297684674752,1.2642571241456861
R5,Npy1r,4535,1.3551896010574622,0.7799338478500552,1.1711919117619076
R5,Pdyn,4535,1.4076254395092243,0.8441014332965822,1.4418902844989339
R5,Lmx1a,4535,1.4335403002358922,0.8478500551267916,0.7251644523469927
R5,Piezo2,4535,1.476552334244754,0.8253583241455348,1.2938914894001017
R5,Tacr1,4535,1.2712116410696725,0.7880926130099228,1.032934538110717
R5,Slc6a4,4535,1.591385404207415,0.8429988974641676,1.4787159339395988
R5,Slc6a2,4535,3.603877776041392,0.9574421168687982,1.9679390848566558
R5,Foxp2,4535,2.0433396816546394,0.8452039691289966,1.7516211039701544
R5,Fstl4,4535,1.481808224040457,0.7794928335170893,1.4733613315421838
R5,Epb41l4a,4535,1.75612985591403,0.8154355016538037,1.62338043316984
R5,Pde11a,4535,1.546439332277469,0.864167585446527,1.1458736602309774
R5,Slc32a1,4535,2.148599416766919,0.9223814773980155,0.6978497483363739
R5,Ghr,4535,1.600610403927587,0.738478500551268,0.46383894389179164
R5,Ebf3,4535,2.627786120206881,0.9510474090407939,1.792634922040731
R5,Cep112,4535,0.6400978851340752,0.5453142227122382,0.755938964975112
R5,Otx2os1,4535,1.1203048316740751,0.7323042998897464,0.696991779228751
R5,Dscaml1,4535,1.7036641844933653,0.8460859977949283,1.7954277643694083
R5,Mc4r,4535,3.0851027608230375,0.9746416758544653,1.5334017877878816
R5,Meis2,4535,2.1985297101596357,0.854244762954796,0.4615265989701175
R5,Slc17a6,4535,1.5767814536634237,0.8785005512679162,0.621012644911515
