definition,section,offset_um,n_near,n_far,dual_near,dual_far,enrichment
raw_VGAT10_VGLUT2_3,500,0.0,7378,23506,0.2416644076985633,0.2597209223177061,0.9304772428112087
raw_VGAT10_VGLUT2_3,500,5.0,7579,23305,0.23908167304393718,0.26071658442394335,0.9170175099224747
raw_VGAT10_VGLUT2_3,500,10.0,7787,23097,0.235263901374085,0.2621985539247521,0.8972738325688973
raw_VGAT10_VGLUT2_3,500,15.0,7924,22960,0.2393992932862191,0.2609320557491289,0.9174775119097964
raw_VGAT10_VGLUT2_3,500,20.0,8101,22783,0.24305641278854462,0.2597989729184041,0.9355557108568021
raw_VGAT10_VGLUT2_3,500,25.0,8217,22667,0.24948277960326154,0.2575550359553536,0.9686581303986175
raw_VGAT10_VGLUT2_3,500,30.0,8368,22516,0.2522705544933078,0.2565731035707941,0.9832307088404568
raw_VGAT10_VGLUT2_3,500,35.0,8447,22437,0.2509766781105718,0.2570753665819851,0.9762766516586164
raw_VGAT10_VGLUT2_3,500,40.0,8468,22416,0.2531884742560227,0.25624553890078516,0.9880697839350635
raw_VGAT10_VGLUT2_3,500,45.0,8637,22247,0.2540233877503763,0.25594462174675237,0.9924935558978963
raw_VGAT10_VGLUT2_3,500,50.0,8818,22066,0.2492628713994103,0.25786277531043234,0.9666493005798573
raw_VGAT10_VGLUT2_3,500,55.0,8799,22085,0.25014206159790886,0.2575050939551732,0.9714062652347139
raw_VGAT10_VGLUT2_3,500,60.0,8907,21977,0.2523857640058381,0.2566319333849024,0.9834542438929617
raw_VGAT10_VGLUT2_3,500,65.0,9019,21865,0.2545736777913294,0.25575120054882233,0.9953958270578356
raw_VGAT10_VGLUT2_3,500,70.0,9043,21841,0.25887426738914077,0.2539718877340781,1.0193028437076301
raw_VGAT10_VGLUT2_3,500,75.0,9040,21844,0.2589601769911504,0.25393700787401574,1.0197811621046855
raw_VGAT10_VGLUT2_3,500,80.0,9037,21847,0.26114861126480027,0.25303245296837096,1.0320755626450961
raw_VGAT10_VGLUT2_3,500,85.0,9136,21748,0.2635726795096322,0.2519771933051315,1.0460179989006353
raw_VGAT10_VGLUT2_3,500,90.0,9109,21775,0.26391480952903723,0.2518484500574053,1.0479111921033526
raw_VGAT10_VGLUT2_3,500,95.0,9064,21820,0.26489408649602825,0.2514665444546288,1.0533969322659624
raw_VGAT10_VGLUT2_3,500,100.0,9100,21784,0.26604395604395603,0.2509640102827764,1.0600880809331512
raw_VGAT10_VGLUT2_3,500,105.0,9135,21749,0.26480569239189927,0.2514598372338958,1.0530735059117604
raw_VGAT10_VGLUT2_3,500,110.0,9071,21813,0.2640282218057546,0.25182230779810205,1.048470344483693
raw_VGAT10_VGLUT2_3,500,115.0,8980,21904,0.260913140311804,0.2531501095690285,1.0306657214408936
raw_VGAT10_VGLUT2_3,500,120.0,8941,21943,0.2601498713790404,0.2534749122727066,1.0263338057659623
raw_VGAT10_VGLUT2_3,500,125.0,8893,21991,0.25604407961317893,0.2551498340230094,1.0035047860939972
raw_VGAT10_VGLUT2_3,500,130.0,8764,22120,0.2506846188954815,0.2572784810126582,0.9743707204301618
raw_VGAT10_VGLUT2_3,500,135.0,8647,22237,0.24817855903781658,0.258218284840581,0.9611192297673158
raw_VGAT10_VGLUT2_3,500,140.0,8512,22372,0.24929511278195488,0.257732880386197,0.9672615787648101
raw_VGAT10_VGLUT2_3,500,145.0,8347,22537,0.2511081825805679,0.25699960065669786,0.9770761586357491
raw_VGAT10_VGLUT2_3,500,150.0,8140,22744,0.24987714987714987,0.2573865634892719,0.9708243759490769
raw_VGAT10_VGLUT2_3,500,155.0,7985,22899,0.25209768315591735,0.25656142189615266,0.9826016760148684
raw_VGAT10_VGLUT2_3,500,160.0,7808,23076,0.26024590163934425,0.25377015080603227,1.0255181738779897
raw_VGAT10_VGLUT2_3,500,165.0,7652,23232,0.2667276529012023,0.25167871900826444,1.059794224764962
raw_VGAT10_VGLUT2_3,500,170.0,7601,23283,0.2686488619918432,0.25108448224026114,1.0699540632494158
raw_VGAT10_VGLUT2_3,500,175.0,7446,23438,0.2710179962395917,0.2504479904428705,1.0821328442697702
raw_VGAT10_VGLUT2_3,500,180.0,7381,23503,0.27489500067741496,0.24928732502233758,1.102723536596908
raw_VGAT10_VGLUT2_3,500,185.0,7314,23570,0.271807492480175,0.25031820110309716,1.085847897925038
raw_VGAT10_VGLUT2_3,500,190.0,7268,23616,0.26596037424325814,0.25215955284552843,1.0547305118604173
raw_VGAT10_VGLUT2_3,500,195.0,7203,23681,0.2598917117867555,0.2540433258730628,1.0230212145648534
raw_VGAT10_VGLUT2_3,500,200.0,7251,23633,0.25210315818507795,0.2564211060804807,0.9831607157405853
raw_VGAT10_VGLUT2_3,500,205.0,7378,23506,0.24301978856058554,0.25929549902152643,0.93723103361856
raw_VGAT10_VGLUT2_3,530,0.0,5245,13819,0.23050524308865586,0.26152398871119475,0.8813923503713711
raw_VGAT10_VGLUT2_3,530,5.0,5220,13844,0.23735632183908045,0.2588847154001734,0.9168417744252872
raw_VGAT10_VGLUT2_3,530,10.0,5181,13883,0.24261725535610887,0.2568609090254268,0.9445472114719179
raw_VGAT10_VGLUT2_3,530,15.0,5231,13833,0.2458420952016823,0.2556929082628497,0.9614740466284624
raw_VGAT10_VGLUT2_3,530,20.0,5223,13841,0.250813708596592,0.253811140813525,0.9881903047780901
raw_VGAT10_VGLUT2_3,530,25.0,5241,13823,0.25262354512497615,0.253128843232294,0.998003790872405
raw_VGAT10_VGLUT2_3,530,30.0,5274,13790,0.2578687902919985,0.2511240029006526,1.0268583939147156
raw_VGAT10_VGLUT2_3,530,35.0,5331,13733,0.2614894016132058,0.24969052646908907,1.0472539960204592
raw_VGAT10_VGLUT2_3,530,40.0,5387,13677,0.26396881381102655,0.24866564305037656,1.0615411545114408
raw_VGAT10_VGLUT2_3,530,45.0,5344,13720,0.26440868263473055,0.24854227405247814,1.0638378667884174
raw_VGAT10_VGLUT2_3,530,50.0,5336,13728,0.262743628185907,0.24919871794871795,1.0543538520129
raw_VGAT10_VGLUT2_3,530,55.0,5363,13701,0.2679470445646094,0.24713524560251077,1.0842121847547883
raw_VGAT10_VGLUT2_3,530,60.0,5355,13709,0.26629318394024276,0.24779342038077176,1.0746580096075324
raw_VGAT10_VGLUT2_3,530,65.0,5368,13696,0.26918777943368105,0.24664135514018692,1.0914138031745695
raw_VGAT10_VGLUT2_3,530,70.0,5376,13688,0.27306547619047616,0.2451052016364699,1.1140745866155701
raw_VGAT10_VGLUT2_3,530,75.0,5359,13705,0.2761709274118306,0.24392557460780737,1.1321934071729398
raw_VGAT10_VGLUT2_3,530,80.0,5410,13654,0.2767097966728281,0.2435916215028563,1.135957776238964
raw_VGAT10_VGLUT2_3,530,85.0,5348,13716,0.27412116679132387,0.244750656167979,1.1200017645843903
raw_VGAT10_VGLUT2_3,530,90.0,5360,13704,0.27630597014925373,0.24387040280210157,1.1330032959082506
raw_VGAT10_VGLUT2_3,530,95.0,5258,13806,0.2803347280334728,0.2425756917282341,1.15565878030162
raw_VGAT10_VGLUT2_3,530,100.0,5238,13826,0.2752959144711722,0.2445392738319109,1.1257738282988543
raw_VGAT10_VGLUT2_3,530,105.0,5231,13833,0.2729879564136876,0.24542760066507627,1.1122952580472873
raw_VGAT10_VGLUT2_3,530,110.0,5108,13956,0.27956147220046984,0.2432645457151046,1.1492076306420491
raw_VGAT10_VGLUT2_3,530,115.0,4956,14108,0.27703793381759484,0.24454210377091012,1.132884397188008
raw_VGAT10_VGLUT2_3,530,120.0,4820,14244,0.2753112033195021,0.2454366750912665,1.1217199027697333
raw_VGAT10_VGLUT2_3,530,125.0,4727,14337,0.27247725830336367,0.24656483225221454,1.1050937630255517
raw_VGAT10_VGLUT2_3,530,130.0,4557,14507,0.27320605661619485,0.24663955331908732,1.1077138801931634
raw_VGAT10_VGLUT2_3,530,135.0,4508,14556,0.26486246672582076,0.24931299807639462,1.0623692658200736
raw_VGAT10_VGLUT2_3,530,140.0,4544,14520,0.2605633802816901,0.2506198347107438,1.0396758125007257
raw_VGAT10_VGLUT2_3,530,145.0,4656,14408,0.2542955326460481,0.2525680177679067,1.0068398005947405
raw_VGAT10_VGLUT2_3,530,150.0,4803,14261,0.24567978346866542,0.2554519318420868,0.9617456470070375
raw_VGAT10_VGLUT2_3,530,155.0,4840,14224,0.2390495867768595,0.2577334083239595,0.9275071801183986
raw_VGAT10_VGLUT2_3,530,160.0,4968,14096,0.2288647342995169,0.26149262202043133,0.8752244423998888
raw_VGAT10_VGLUT2_3,530,165.0,5073,13991,0.22314212497535973,0.263812450861268,0.8458362152615166
raw_VGAT10_VGLUT2_3,530,170.0,5172,13892,0.220030935808198,0.26526058162971494,0.8294897585474862
raw_VGAT10_VGLUT2_3,530,175.0,5152,13912,0.21447981366459629,0.26725129384703855,0.8025398514528949
raw_VGAT10_VGLUT2_3,530,180.0,5144,13920,0.21170295489891136,0.2682471264367816,0.7892086588625726
raw_VGAT10_VGLUT2_3,530,185.0,5233,13831,0.21421746608064207,0.2676596052346179,0.8003354331067964
raw_VGAT10_VGLUT2_3,530,190.0,5257,13807,0.21666349629066006,0.266821177663504,0.8120176148982475
raw_VGAT10_VGLUT2_3,530,195.0,5295,13769,0.2222851746931067,0.2647977340402353,0.8394527071720752
raw_VGAT10_VGLUT2_3,530,200.0,5281,13783,0.22438932020450672,0.2639483421606327,0.8501258934520934
raw_VGAT10_VGLUT2_3,530,205.0,5266,13798,0.2278769464489176,0.26257428612842443,0.8678570541270121
raw_VGAT10_VGLUT2_3,560,0.0,4620,14004,0.21471861471861473,0.21886603827477863,0.981050401474545
raw_VGAT10_VGLUT2_3,560,5.0,4648,13976,0.21729776247848537,0.21801659988551803,0.9967028317687271
raw_VGAT10_VGLUT2_3,560,10.0,4702,13922,0.21756699276903446,0.21792845855480533,0.9983413557450553
raw_VGAT10_VGLUT2_3,560,15.0,4807,13817,0.21447888495943415,0.21900557284504596,0.9793307182698286
raw_VGAT10_VGLUT2_3,560,20.0,4912,13712,0.21050488599348535,0.22046382730455075,0.9548273227729643
raw_VGAT10_VGLUT2_3,560,25.0,4996,13628,0.2099679743795036,0.2207220428529498,0.9512777775411819
raw_VGAT10_VGLUT2_3,560,30.0,5036,13588,0.20552025416997619,0.22240211951722108,0.9240930554803561
raw_VGAT10_VGLUT2_3,560,35.0,5072,13552,0.20603312302839116,0.22225501770956316,0.9270122454451385
raw_VGAT10_VGLUT2_3,560,40.0,5197,13427,0.20704252453338465,0.2220153422208982,0.932559536031451
raw_VGAT10_VGLUT2_3,560,45.0,5227,13397,0.20891524775205664,0.22131820556841084,0.9439587096574377
raw_VGAT10_VGLUT2_3,560,50.0,5249,13375,0.2091827014669461,0.2212336448598131,0.9455284326192646
raw_VGAT10_VGLUT2_3,560,55.0,5266,13358,0.20888720091150778,0.22136547387333433,0.9436304463225975
raw_VGAT10_VGLUT2_3,560,60.0,5290,13334,0.2166351606805293,0.21831408429578522,0.9923095955046985
raw_VGAT10_VGLUT2_3,560,65.0,5286,13338,0.21888006053726825,0.21742390163442796,1.0066973267055461
raw_VGAT10_VGLUT2_3,560,70.0,5232,13392,0.22324159021406728,0.2157258064516129,1.0348395209923118
raw_VGAT10_VGLUT2_3,560,75.0,5245,13379,0.22573879885605339,0.21473951715374842,1.0512215070988995
raw_VGAT10_VGLUT2_3,560,80.0,5256,13368,0.2254566210045662,0.21484141232794735,1.0494095089098332
raw_VGAT10_VGLUT2_3,560,85.0,5220,13404,0.22260536398467434,0.21598030438675023,1.0306743692057254
raw_VGAT10_VGLUT2_3,560,90.0,5225,13399,0.22545454545454546,0.2148667811030674,1.0492759480880356
raw_VGAT10_VGLUT2_3,560,95.0,5252,13372,0.22277227722772278,0.21589889320969188,1.0318361243814025
raw_VGAT10_VGLUT2_3,560,100.0,5247,13377,0.22069754145225842,0.21671525753158405,1.018375650916475
raw_VGAT10_VGLUT2_3,560,105.0,5288,13336,0.2176626323751891,0.21790641871625674,0.9988812337768486
raw_VGAT10_VGLUT2_3,560,110.0,5308,13316,0.2215523737754333,0.2163562631420847,1.0240164558117564
raw_VGAT10_VGLUT2_3,560,115.0,5343,13281,0.22777465843159272,0.21383931932836384,1.0651673375457686
raw_VGAT10_VGLUT2_3,560,120.0,5253,13371,0.22215876641918902,0.21613940617754843,1.0278494345297495
raw_VGAT10_VGLUT2_3,560,125.0,5229,13395,0.22279594568751196,0.21590145576707725,1.03193350362525
raw_VGAT10_VGLUT2_3,560,130.0,5158,13466,0.22528111671190384,0.2149858903906134,1.0478879162841097
raw_VGAT10_VGLUT2_3,560,135.0,5049,13575,0.22301445830857597,0.21591160220994476,1.032897056137468
raw_VGAT10_VGLUT2_3,560,140.0,4963,13661,0.22002820874471085,0.21704121220994071,1.013762347272005
raw_VGAT10_VGLUT2_3,560,145.0,4951,13673,0.21914764694001213,0.21736268558472902,1.008211903301072
raw_VGAT10_VGLUT2_3,560,150.0,4908,13716,0.21821515892420537,0.21770195392242636,1.0023573743484262
raw_VGAT10_VGLUT2_3,560,155.0,4875,13749,0.2123076923076923,0.21979780347661648,0.9659227205620323
raw_VGAT10_VGLUT2_3,560,160.0,4881,13743,0.21102233148944888,0.22025758567998255,0.9580706645720171
raw_VGAT10_VGLUT2_3,560,165.0,4869,13755,0.21606079277058945,0.21846601235914212,0.9889904174906683
raw_VGAT10_VGLUT2_3,560,170.0,4853,13771,0.21780342056459923,0.21784910318785855,0.9997903015316986
raw_VGAT10_VGLUT2_3,560,175.0,4833,13791,0.21849782743637491,0.2176056848669422,1.0040998127874197
raw_VGAT10_VGLUT2_3,560,180.0,4790,13834,0.21837160751565762,0.2176521613416221,1.0033054860085047
raw_VGAT10_VGLUT2_3,560,185.0,4753,13871,0.22091310751104565,0.21678321678321677,1.01905078626063
raw_VGAT10_VGLUT2_3,560,190.0,4690,13934,0.22409381663113007,0.2157313047222621,1.0387635532063095
raw_VGAT10_VGLUT2_3,560,195.0,4627,13997,0.21936459909228442,0.2173322854897478,1.00935118129346
raw_VGAT10_VGLUT2_3,560,200.0,4595,14029,0.2161044613710555,0.21840473305296174,0.9894678487514809
raw_VGAT10_VGLUT2_3,560,205.0,4609,14015,0.21479713603818615,0.2188369603995719,0.9815395701255881
raw_VGAT10_VGLUT2_10,500,0.0,7378,23506,0.05272431553266468,0.07219433336169488,0.7303109964117949
raw_VGAT10_VGLUT2_10,500,5.0,7579,23305,0.05422879007784668,0.07187298862904956,0.7545086285159504
raw_VGAT10_VGLUT2_10,500,10.0,7787,23097,0.05483498137922178,0.07182751006624237,0.7634258980807025
raw_VGAT10_VGLUT2_10,500,15.0,7924,22960,0.059818273599192326,0.07020905923344947,0.8520022095765856
raw_VGAT10_VGLUT2_10,500,20.0,8101,22783,0.0634489569188989,0.06899881490585086,0.9195658940733292
raw_VGAT10_VGLUT2_10,500,25.0,8217,22667,0.06681270536692223,0.06780782635549477,0.9853243933324828
raw_VGAT10_VGLUT2_10,500,30.0,8368,22516,0.07050669216061185,0.06644164149937822,1.0611822731873908
raw_VGAT10_VGLUT2_10,500,35.0,8447,22437,0.07233337279507518,0.06573962650978295,1.1003009392563403
raw_VGAT10_VGLUT2_10,500,40.0,8468,22416,0.0747520075578649,0.0648197715917202,1.1532284937488642
raw_VGAT10_VGLUT2_10,500,45.0,8637,22247,0.0753733935394234,0.06450307906684047,1.1685239624192005
raw_VGAT10_VGLUT2_10,500,50.0,8818,22066,0.07291902925833522,0.06539472491616061,1.1150598056926022
raw_VGAT10_VGLUT2_10,500,55.0,8799,22085,0.07216729173769747,0.06570070183382386,1.098424974518986
raw_VGAT10_VGLUT2_10,500,60.0,8907,21977,0.07084315706747502,0.06620557855940301,1.0700481531765624
raw_VGAT10_VGLUT2_10,500,65.0,9019,21865,0.07218095132498059,0.06563000228675966,1.0998163768088505
raw_VGAT10_VGLUT2_10,500,70.0,9043,21841,0.07198938405396439,0.06570211986630649,1.0956934753467849
raw_VGAT10_VGLUT2_10,500,75.0,9040,21844,0.0711283185840708,0.06605932979307819,1.0767338816011385
raw_VGAT10_VGLUT2_10,500,80.0,9037,21847,0.0707093061856811,0.06623335011672084,1.0675785848227883
raw_VGAT10_VGLUT2_10,500,85.0,9136,21748,0.07235113835376532,0.06552326650726503,1.104205303100132
raw_VGAT10_VGLUT2_10,500,90.0,9109,21775,0.07388297288396092,0.06489092996555683,1.1385716451155337
raw_VGAT10_VGLUT2_10,500,95.0,9064,21820,0.07270520741394527,0.0653987167736022,1.111722232496346
raw_VGAT10_VGLUT2_10,500,100.0,9100,21784,0.07472527472527472,0.06454278369445464,1.1577634314476422
raw_VGAT10_VGLUT2_10,500,105.0,9135,21749,0.07400109469074986,0.06483056692261713,1.1414537648433467
raw_VGAT10_VGLUT2_10,500,110.0,9071,21813,0.07573586153676552,0.06413606564892495,1.1808622928530854
raw_VGAT10_VGLUT2_10,500,115.0,8980,21904,0.07360801781737193,0.06505661066471877,1.1314456296643614
raw_VGAT10_VGLUT2_10,500,120.0,8941,21943,0.07247511464042053,0.06553342751674794,1.1059258974650539
raw_VGAT10_VGLUT2_10,500,125.0,8893,21991,0.07005509951647364,0.06652721567914147,1.0530291821372328
raw_VGAT10_VGLUT2_10,500,130.0,8764,22120,0.06526700136923778,0.06844484629294756,0.9535707201370804
raw_VGAT10_VGLUT2_10,500,135.0,8647,22237,0.06210246328206314,0.06965867697980843,0.8915251620421162
raw_VGAT10_VGLUT2_10,500,140.0,8512,22372,0.06085526315789474,0.07008760951188986,0.8682742011278196
raw_VGAT10_VGLUT2_10,500,145.0,8347,22537,0.06086018928956511,0.07001819230598572,0.8692053777052781
raw_VGAT10_VGLUT2_10,500,150.0,8140,22744,0.060196560196560195,0.07017235314808301,0.8578386999439631
raw_VGAT10_VGLUT2_10,500,155.0,7985,22899,0.06487163431433939,0.06847460587798594,0.9473823687270775
raw_VGAT10_VGLUT2_10,500,160.0,7808,23076,0.06685450819672131,0.06777604437510834,0.9864032168462538
raw_VGAT10_VGLUT2_10,500,165.0,7652,23232,0.0690015682174595,0.06706267217630854,1.0289117027137478
raw_VGAT10_VGLUT2_10,500,170.0,7601,23283,0.0697276674121826,0.066829875875102,1.0433607200243236
raw_VGAT10_VGLUT2_10,500,175.0,7446,23438,0.06956755304861671,0.06689990613533578,1.039875196654004
raw_VGAT10_VGLUT2_10,500,180.0,7381,23503,0.06909632841078445,0.06705526954005872,1.0304384559890016
raw_VGAT10_VGLUT2_10,500,185.0,7314,23570,0.06426032266885426,0.06856173101400084,0.9372622557579796
raw_VGAT10_VGLUT2_10,500,190.0,7268,23616,0.06274078150798018,0.0690210027100271,0.9090099976027362
raw_VGAT10_VGLUT2_10,500,195.0,7203,23681,0.06053033458281272,0.06967611165069043,0.8687386989427806
raw_VGAT10_VGLUT2_10,500,200.0,7251,23633,0.0555785408909116,0.0712139804510642,0.7804442405673878
raw_VGAT10_VGLUT2_10,500,205.0,7378,23506,0.053402005963675794,0.07198162171360503,0.741883896088749
raw_VGAT10_VGLUT2_10,530,0.0,5245,13819,0.09647283126787416,0.11324987336276142,0.8518581822944109
raw_VGAT10_VGLUT2_10,530,5.0,5220,13844,0.10191570881226053,0.111167292689974,0.9167778250792299
raw_VGAT10_VGLUT2_10,530,10.0,5181,13883,0.10770121598147075,0.10898220845638551,0.9882458568874808
raw_VGAT10_VGLUT2_10,530,15.0,5231,13833,0.11030395717835978,0.10800260247234873,1.0213083264044516
raw_VGAT10_VGLUT2_10,530,20.0,5223,13841,0.11411066436913651,0.10656744454880428,1.0707835291750634
raw_VGAT10_VGLUT2_10,530,25.0,5241,13823,0.11619919862621637,0.10576575273095565,1.098646732291511
raw_VGAT10_VGLUT2_10,530,30.0,5274,13790,0.1186954872961699,0.10478607686729514,1.1327410171724448
raw_VGAT10_VGLUT2_10,530,35.0,5331,13733,0.12042768711311198,0.10405592368746815,1.1573361981276185
raw_VGAT10_VGLUT2_10,530,40.0,5387,13677,0.12177464265825134,0.10345836075162682,1.1770401326055857
raw_VGAT10_VGLUT2_10,530,45.0,5344,13720,0.12481287425149701,0.10233236151603499,1.21968136376819
raw_VGAT10_VGLUT2_10,530,50.0,5336,13728,0.12125187406296851,0.10372960372960373,1.1689225611913145
raw_VGAT10_VGLUT2_10,530,55.0,5363,13701,0.12306544844303562,0.10298518356324356,1.1949820759163934
raw_VGAT10_VGLUT2_10,530,60.0,5355,13709,0.1223155929038282,0.10328980961412211,1.184198067174139
raw_VGAT10_VGLUT2_10,530,65.0,5368,13696,0.12388226527570789,0.10265771028037383,1.2067507149474361
raw_VGAT10_VGLUT2_10,530,70.0,5376,13688,0.12462797619047619,0.10235242548217417,1.2176357873627681
raw_VGAT10_VGLUT2_10,530,75.0,5359,13705,0.12539652920320957,0.10207953301714702,1.2284198947319422
raw_VGAT10_VGLUT2_10,530,80.0,5410,13654,0.12476894639556377,0.10224110150871539,1.2203403969090456
raw_VGAT10_VGLUT2_10,530,85.0,5348,13716,0.11967090501121914,0.10433070866141732,1.1470343348245156
raw_VGAT10_VGLUT2_10,530,90.0,5360,13704,0.12257462686567164,0.10318155283129013,1.187950980599126
raw_VGAT10_VGLUT2_10,530,95.0,5258,13806,0.12552301255230125,0.10220194118499203,1.2281861880206033
raw_VGAT10_VGLUT2_10,530,100.0,5238,13826,0.12084765177548683,0.10400694343989585,1.1619190775020034
raw_VGAT10_VGLUT2_10,530,105.0,5231,13833,0.12024469508698146,0.10424347574640352,1.1534985209002875
raw_VGAT10_VGLUT2_10,530,110.0,5108,13956,0.12568519968676586,0.10239323588420751,1.227475610096924
raw_VGAT10_VGLUT2_10,530,115.0,4956,14108,0.12530266343825666,0.10277856535299121,1.2191517074392586
raw_VGAT10_VGLUT2_10,530,120.0,4820,14244,0.12261410788381742,0.10390339792193204,1.180077941011551
raw_VGAT10_VGLUT2_10,530,125.0,4727,14337,0.12016077850645229,0.10483364720652856,1.146204312339991
raw_VGAT10_VGLUT2_10,530,130.0,4557,14507,0.11762124204520517,0.10581098779899359,1.111616520097584
raw_VGAT10_VGLUT2_10,530,135.0,4508,14556,0.10780834072759539,0.1088898048914537,0.9900682697986615
raw_VGAT10_VGLUT2_10,530,140.0,4544,14520,0.10123239436619719,0.11095041322314049,0.9124111522018518
raw_VGAT10_VGLUT2_10,530,145.0,4656,14408,0.09579037800687286,0.11278456413103831,0.8493217023526303
raw_VGAT10_VGLUT2_10,530,150.0,4803,14261,0.08890276910264418,0.11527943341981628,0.7711936679883264
raw_VGAT10_VGLUT2_10,530,155.0,4840,14224,0.08491735537190083,0.11670416197975253,0.7276291944638057
raw_VGAT10_VGLUT2_10,530,160.0,4968,14096,0.08011272141706924,0.11868615209988649,0.67499636646444
raw_VGAT10_VGLUT2_10,530,165.0,5073,13991,0.07904592943031737,0.11936244728754199,0.6622344902153116
raw_VGAT10_VGLUT2_10,530,170.0,5172,13892,0.08062645011600927,0.1190613302620213,0.6771841868268446
raw_VGAT10_VGLUT2_10,530,175.0,5152,13912,0.08171583850931677,0.11860264519838988,0.6889883305100696
raw_VGAT10_VGLUT2_10,530,180.0,5144,13920,0.08339813374805599,0.11795977011494253,0.7070048853671982
raw_VGAT10_VGLUT2_10,530,185.0,5233,13831,0.08541945346837378,0.11741739570529969,0.7274855054932745
raw_VGAT10_VGLUT2_10,530,190.0,5257,13807,0.08655126498002663,0.11704208010429493,0.739488437858433
raw_VGAT10_VGLUT2_10,530,195.0,5295,13769,0.09008498583569405,0.1157673033626262,0.7781556900700572
raw_VGAT10_VGLUT2_10,530,200.0,5281,13783,0.09108123461465631,0.11535950083436117,0.7895425513797534
raw_VGAT10_VGLUT2_10,530,205.0,5266,13798,0.09513862514242309,0.11378460646470503,0.8361291399459578
raw_VGAT10_VGLUT2_10,560,0.0,4620,14004,0.09199134199134198,0.10411311053984576,0.8835711613489391
raw_VGAT10_VGLUT2_10,560,5.0,4648,13976,0.09487951807228916,0.10317687464224384,0.9195812375716459
raw_VGAT10_VGLUT2_10,560,10.0,4702,13922,0.09676733304976606,0.10257146961643442,0.9434137329963888
raw_VGAT10_VGLUT2_10,560,15.0,4807,13817,0.0996463490742667,0.10161395382499819,0.9806364709110705
raw_VGAT10_VGLUT2_10,560,20.0,4912,13712,0.10077361563517916,0.10122520420070012,0.995538773479522
raw_VGAT10_VGLUT2_10,560,25.0,4996,13628,0.10128102481985589,0.10104197240974465,1.0023658723638316
raw_VGAT10_VGLUT2_10,560,30.0,5036,13588,0.10027799841143765,0.10141301148071828,0.9888080133632909
raw_VGAT10_VGLUT2_10,560,35.0,5072,13552,0.10252365930599369,0.10057556080283353,1.0193695017716995
raw_VGAT10_VGLUT2_10,560,40.0,5197,13427,0.10332884356359438,0.10024577344157296,1.0307551133197486
raw_VGAT10_VGLUT2_10,560,45.0,5227,13397,0.10732733881767745,0.09867880868851235,1.087643236112273
raw_VGAT10_VGLUT2_10,560,50.0,5249,13375,0.10592493808344447,0.09921495327102804,1.067630781361017
raw_VGAT10_VGLUT2_10,560,55.0,5266,13358,0.10577288264337258,0.09926635723910765,1.0655461284692087
raw_VGAT10_VGLUT2_10,560,60.0,5290,13334,0.10737240075614367,0.09862006899655017,1.0887479784657184
raw_VGAT10_VGLUT2_10,560,65.0,5286,13338,0.1082103670071888,0.09829059829059829,1.1009228643340079
raw_VGAT10_VGLUT2_10,560,70.0,5232,13392,0.1106651376146789,0.09737156511350059,1.136524174030506
raw_VGAT10_VGLUT2_10,560,75.0,5245,13379,0.10714966634890372,0.09873682636968384,1.0852046828781095
raw_VGAT10_VGLUT2_10,560,80.0,5256,13368,0.10711567732115677,0.09874326750448834,1.0847896775978967
raw_VGAT10_VGLUT2_10,560,85.0,5220,13404,0.10632183908045977,0.09907490301402566,1.073146032405484
raw_VGAT10_VGLUT2_10,560,90.0,5225,13399,0.10277511961722488,0.10045525785506382,1.023093482727486
raw_VGAT10_VGLUT2_10,560,95.0,5252,13372,0.09977151561309977,0.10163027221058929,0.9817106010142532
raw_VGAT10_VGLUT2_10,560,100.0,5247,13377,0.09643605870020965,0.10293787844808253,0.9368374417085726
raw_VGAT10_VGLUT2_10,560,105.0,5288,13336,0.0947428139183056,0.10362927414517097,0.9142475878542138
raw_VGAT10_VGLUT2_10,560,110.0,5308,13316,0.09626978146194423,0.10303394412736558,0.9343501530227765
raw_VGAT10_VGLUT2_10,560,115.0,5343,13281,0.09919520868425978,0.10187485882087192,0.9736966493242085
raw_VGAT10_VGLUT2_10,560,120.0,5253,13371,0.09975252236817057,0.10163787300875028,0.9814503138961065
raw_VGAT10_VGLUT2_10,560,125.0,5229,13395,0.10307898259705489,0.10033594624860022,1.0273385207496655
raw_VGAT10_VGLUT2_10,560,130.0,5158,13466,0.10469174098487787,0.09973266003267489,1.0497237409548512
raw_VGAT10_VGLUT2_10,560,135.0,5049,13575,0.10338680926916222,0.10025782688766115,1.0312093576993953
raw_VGAT10_VGLUT2_10,560,140.0,4963,13661,0.0999395526899053,0.10152990264255911,0.9843361422471495
raw_VGAT10_VGLUT2_10,560,145.0,4951,13673,0.09957584326398708,0.10166020624588605,0.9794967661499967
raw_VGAT10_VGLUT2_10,560,150.0,4908,13716,0.09841075794621026,0.1020705745115194,0.9641442542787285
raw_VGAT10_VGLUT2_10,560,155.0,4875,13749,0.09538461538461539,0.10313477343806822,0.9248540739937073
raw_VGAT10_VGLUT2_10,560,160.0,4881,13743,0.09670149559516493,0.10267045041111839,0.9418629723347638
raw_VGAT10_VGLUT2_10,560,165.0,4869,13755,0.09940439515300883,0.10170846964740095,0.9773462868689324
raw_VGAT10_VGLUT2_10,560,170.0,4853,13771,0.09911395013393777,0.10180814755645923,0.9735365244610963
raw_VGAT10_VGLUT2_10,560,175.0,4833,13791,0.10097248086074902,0.10115292582118773,0.998216117240566
raw_VGAT10_VGLUT2_10,560,180.0,4790,13834,0.09916492693110647,0.10177822755529854,0.9743235789523629
raw_VGAT10_VGLUT2_10,560,185.0,4753,13871,0.09804334104775932,0.1021555763823805,0.9597453660363229
raw_VGAT10_VGLUT2_10,560,190.0,4690,13934,0.10021321961620469,0.10140663126166212,0.9882314240142931
raw_VGAT10_VGLUT2_10,560,195.0,4627,13997,0.09703911821914847,0.10245052511252412,0.9471802912924834
raw_VGAT10_VGLUT2_10,560,200.0,4595,14029,0.09553862894450489,0.10292964573383705,0.9281935079379912
raw_VGAT10_VGLUT2_10,560,205.0,4609,14015,0.09286179214580169,0.10381733856582233,0.8944728638648871
raw_VGAT15_VGLUT2_5,500,0.0,7378,23506,0.12184873949579832,0.1418361269463116,0.8590811249514803
raw_VGAT15_VGLUT2_5,500,5.0,7579,23305,0.1234991423670669,0.14147178717013517,0.8729595125461007
raw_VGAT15_VGLUT2_5,500,10.0,7787,23097,0.12392448953383844,0.1414902368272936,0.8758518772224806
raw_VGAT15_VGLUT2_5,500,15.0,7924,22960,0.12607269056032308,0.14085365853658535,0.8950615260559734
raw_VGAT15_VGLUT2_5,500,20.0,8101,22783,0.1297370694975929,0.13966554009568538,0.9289125249414389
raw_VGAT15_VGLUT2_5,500,25.0,8217,22667,0.13532919557015943,0.13768915163012307,0.9828602614510747
raw_VGAT15_VGLUT2_5,500,30.0,8368,22516,0.14017686424474188,0.13590335761236455,1.0314451880178457
raw_VGAT15_VGLUT2_5,500,35.0,8447,22437,0.1406416479223393,0.13571333065917904,1.0363141722277591
raw_VGAT15_VGLUT2_5,500,40.0,8468,22416,0.1423004251299008,0.13508208422555318,1.0534367006974426
raw_VGAT15_VGLUT2_5,500,45.0,8637,22247,0.14217899733703832,0.13507439205286106,1.0525977217161702
raw_VGAT15_VGLUT2_5,500,50.0,8818,22066,0.13869358131095486,0.13640895495332186,1.016748360534063
raw_VGAT15_VGLUT2_5,500,55.0,8799,22085,0.13797022388907831,0.13669911704777,1.009298573895427
raw_VGAT15_VGLUT2_5,500,60.0,8907,21977,0.1391040754462782,0.13623333485007053,1.0210722331606066
raw_VGAT15_VGLUT2_5,500,65.0,9019,21865,0.1382636655948553,0.13656528698833753,1.0124363858779342
raw_VGAT15_VGLUT2_5,500,70.0,9043,21841,0.13889196063253345,0.13630328281672086,1.0189920430551438
raw_VGAT15_VGLUT2_5,500,75.0,9040,21844,0.14026548672566372,0.13573521333089178,1.0333758151890045
raw_VGAT15_VGLUT2_5,500,80.0,9037,21847,0.14075467522407878,0.1355334828580583,1.0385232656604018
raw_VGAT15_VGLUT2_5,500,85.0,9136,21748,0.14251313485113834,0.13477101342652198,1.0574464881414387
raw_VGAT15_VGLUT2_5,500,90.0,9109,21775,0.14304533977385003,0.13455797933409874,1.0630758612885953
raw_VGAT15_VGLUT2_5,500,95.0,9064,21820,0.14397616946160635,0.13418881759853346,1.0729371644987193
raw_VGAT15_VGLUT2_5,500,100.0,9100,21784,0.1457142857142857,0.13344656628718327,1.0919298245614033
raw_VGAT15_VGLUT2_5,500,105.0,9135,21749,0.14537493158182813,0.1335693595107821,1.0883853311439518
raw_VGAT15_VGLUT2_5,500,110.0,9071,21813,0.14408554734869364,0.1341401916288452,1.07414150523481
raw_VGAT15_VGLUT2_5,500,115.0,8980,21904,0.14242761692650335,0.13486121256391526,1.056105118875467
raw_VGAT15_VGLUT2_5,500,120.0,8941,21943,0.14002907952130633,0.1358519801303377,1.0307474310419404
raw_VGAT15_VGLUT2_5,500,125.0,8893,21991,0.13752389519847072,0.1368741757991906,1.0047468369799233
raw_VGAT15_VGLUT2_5,500,130.0,8764,22120,0.13509812870835236,0.13783905967450272,0.9801149908260919
raw_VGAT15_VGLUT2_5,500,135.0,8647,22237,0.13033421996068,0.13967711471871205,0.9331107692419965
raw_VGAT15_VGLUT2_5,500,140.0,8512,22372,0.13146146616541354,0.13919184695154657,0.9444624023932665
raw_VGAT15_VGLUT2_5,500,145.0,8347,22537,0.13070564274589672,0.13941518391977636,0.9375280300968409
raw_VGAT15_VGLUT2_5,500,150.0,8140,22744,0.1312039312039312,0.13915758002110445,0.9428443005694191
raw_VGAT15_VGLUT2_5,500,155.0,7985,22899,0.13462742642454603,0.1379099523996681,0.9761980486686762
raw_VGAT15_VGLUT2_5,500,160.0,7808,23076,0.1370389344262295,0.13706881608597676,0.9997819952006551
raw_VGAT15_VGLUT2_5,500,165.0,7652,23232,0.14244641923680085,0.1352875344352617,1.0529160711770147
raw_VGAT15_VGLUT2_5,500,170.0,7601,23283,0.1431390606499145,0.13507709487608985,1.0596841809576978
raw_VGAT15_VGLUT2_5,500,175.0,7446,23438,0.14383561643835616,0.13490912193873197,1.0661667229861453
raw_VGAT15_VGLUT2_5,500,180.0,7381,23503,0.144289391681344,0.13479130323788452,1.0704651428935064
raw_VGAT15_VGLUT2_5,500,185.0,7314,23570,0.13836477987421383,0.13665676707679253,1.0124985599612606
raw_VGAT15_VGLUT2_5,500,190.0,7268,23616,0.13538800220143093,0.13757621951219512,0.984094509076329
raw_VGAT15_VGLUT2_5,500,195.0,7203,23681,0.13286130778842148,0.13833875258646172,0.9604055646329698
raw_VGAT15_VGLUT2_5,500,200.0,7251,23633,0.1275686112260378,0.1399737654973977,0.9113751478551848
raw_VGAT15_VGLUT2_5,500,205.0,7378,23506,0.123475196530225,0.14132561899089593,0.8736929469113393
raw_VGAT15_VGLUT2_5,530,0.0,5245,13819,0.1330791229742612,0.1546421593458282,0.8605617222186783
raw_VGAT15_VGLUT2_5,530,5.0,5220,13844,0.1385057471264368,0.152557064432245,0.9078946795541624
raw_VGAT15_VGLUT2_5,530,10.0,5181,13883,0.14418066010422698,0.15039976950226897,0.9586494752044938
raw_VGAT15_VGLUT2_5,530,15.0,5231,13833,0.14853756451921238,0.14877466926913901,0.998406282796047
raw_VGAT15_VGLUT2_5,530,20.0,5223,13841,0.1499138426191844,0.14825518387399755,1.0111878633977247
raw_VGAT15_VGLUT2_5,530,25.0,5241,13823,0.14958977294409465,0.14837589524705203,1.0081810977114676
raw_VGAT15_VGLUT2_5,530,30.0,5274,13790,0.1509290860826697,0.14786076867295142,1.020751396311925
raw_VGAT15_VGLUT2_5,530,35.0,5331,13733,0.15362971299943726,0.14679967960387388,1.0465262145938847
raw_VGAT15_VGLUT2_5,530,40.0,5387,13677,0.15407462409504363,0.14659647583534402,1.051011787405442
raw_VGAT15_VGLUT2_5,530,45.0,5344,13720,0.15419161676646706,0.14657434402332362,1.051968663369432
raw_VGAT15_VGLUT2_5,530,50.0,5336,13728,0.15236131934032984,0.1472902097902098,1.0344293728506666
raw_VGAT15_VGLUT2_5,530,55.0,5363,13701,0.15905276897258996,0.14466097365155828,1.0994863711874143
raw_VGAT15_VGLUT2_5,530,60.0,5355,13709,0.1611577964519141,0.14384710773944123,1.1203408882146504
raw_VGAT15_VGLUT2_5,530,65.0,5368,13696,0.16244411326378538,0.14332651869158877,1.1333849084364773
raw_VGAT15_VGLUT2_5,530,70.0,5376,13688,0.16257440476190477,0.14326417299824665,1.134787584080037
raw_VGAT15_VGLUT2_5,530,75.0,5359,13705,0.16682216831498414,0.14162714337832907,1.1778968659231621
raw_VGAT15_VGLUT2_5,530,80.0,5410,13654,0.17024029574861368,0.14017870221180606,1.2144519321586058
raw_VGAT15_VGLUT2_5,530,85.0,5348,13716,0.16473448017950637,0.14246135899679208,1.1563450000727273
raw_VGAT15_VGLUT2_5,530,90.0,5360,13704,0.16436567164179106,0.14258610624635143,1.152746757512336
raw_VGAT15_VGLUT2_5,530,95.0,5258,13806,0.16622289844047167,0.14203969288715051,1.170256673059231
raw_VGAT15_VGLUT2_5,530,100.0,5238,13826,0.16533027873234057,0.14241284536380733,1.1609225158726972
raw_VGAT15_VGLUT2_5,530,105.0,5231,13833,0.1628751672720321,0.14335285187594882,1.1361836555088352
raw_VGAT15_VGLUT2_5,530,110.0,5108,13956,0.16718872357086922,0.14194611636572083,1.1778323201186527
raw_VGAT15_VGLUT2_5,530,115.0,4956,14108,0.16747376916868442,0.1421179472639637,1.1784139328836907
raw_VGAT15_VGLUT2_5,530,120.0,4820,14244,0.16639004149377593,0.14272676214546476,1.1657942700626387
raw_VGAT15_VGLUT2_5,530,125.0,4727,14337,0.1641633171144489,0.14361442421706075,1.1430837675909926
raw_VGAT15_VGLUT2_5,530,130.0,4557,14507,0.16019310950186527,0.14510236437581858,1.1040006838686742
raw_VGAT15_VGLUT2_5,530,135.0,4508,14556,0.1543921916592724,0.14694971145919208,1.0506464431006868
raw_VGAT15_VGLUT2_5,530,140.0,4544,14520,0.14920774647887325,0.14855371900826447,1.0044026327645987
raw_VGAT15_VGLUT2_5,530,145.0,4656,14408,0.14432989690721648,0.1501249305941144,0.9613985920661928
raw_VGAT15_VGLUT2_5,530,150.0,4803,14261,0.13783052259004788,0.1523736063389664,0.9045564117149898
raw_VGAT15_VGLUT2_5,530,155.0,4840,14224,0.13264462809917354,0.15417604049493813,0.8603452759154786
raw_VGAT15_VGLUT2_5,530,160.0,4968,14096,0.1292270531400966,0.1555760499432463,0.8306359056373925
raw_VGAT15_VGLUT2_5,530,165.0,5073,13991,0.12536960378474277,0.1571724680151526,0.7976562649169331
raw_VGAT15_VGLUT2_5,530,170.0,5172,13892,0.12664346481051816,0.1569248488338612,0.807032574838403
raw_VGAT15_VGLUT2_5,530,175.0,5152,13912,0.12247670807453416,0.15842438182863713,0.7730925420748274
raw_VGAT15_VGLUT2_5,530,180.0,5144,13920,0.12111197511664075,0.1589080459770115,0.7621513081481189
raw_VGAT15_VGLUT2_5,530,185.0,5233,13831,0.12478501815402254,0.15776155014098764,0.7909723125977478
raw_VGAT15_VGLUT2_5,530,190.0,5257,13807,0.12307399657599391,0.1584703411313102,0.7766374180643272
raw_VGAT15_VGLUT2_5,530,195.0,5295,13769,0.12785646836638337,0.15672888372430824,0.8157811459391717
raw_VGAT15_VGLUT2_5,530,200.0,5281,13783,0.12781670138231396,0.15671479358630197,0.815600738496497
raw_VGAT15_VGLUT2_5,530,205.0,5266,13798,0.1323585263957463,0.15494999275257285,0.8542015655792832
raw_VGAT15_VGLUT2_5,560,0.0,4620,14004,0.14025974025974025,0.15474150242787774,0.90641319916816
raw_VGAT15_VGLUT2_5,560,5.0,4648,13976,0.1430722891566265,0.1538351459645106,0.9300364247688429
raw_VGAT15_VGLUT2_5,560,10.0,4702,13922,0.1458953636750319,0.15292343054158886,0.9540419225381841
raw_VGAT15_VGLUT2_5,560,15.0,4807,13817,0.14832535885167464,0.15213143229355142,0.974981676143477
raw_VGAT15_VGLUT2_5,560,20.0,4912,13712,0.14800488599348535,0.15227537922987164,0.9719554582100915
raw_VGAT15_VGLUT2_5,560,25.0,4996,13628,0.14791833466773419,0.15233343117111828,0.971016890583758
raw_VGAT15_VGLUT2_5,560,30.0,5036,13588,0.1443606036536934,0.15366499852811305,0.9394501352712576
raw_VGAT15_VGLUT2_5,560,35.0,5072,13552,0.1474763406940063,0.15252361275088547,0.9669082579028416
raw_VGAT15_VGLUT2_5,560,40.0,5197,13427,0.14989416971329614,0.1516347657704625,0.9885211280650429
raw_VGAT15_VGLUT2_5,560,45.0,5227,13397,0.15266883489573368,0.15055609464805553,1.0140329108072108
raw_VGAT15_VGLUT2_5,560,50.0,5249,13375,0.15069537054677082,0.15132710280373832,0.9958253859007212
raw_VGAT15_VGLUT2_5,560,55.0,5266,13358,0.1519179642992784,0.1508459350202126,1.0071067826847449
raw_VGAT15_VGLUT2_5,560,60.0,5290,13334,0.1561436672967864,0.14916754162291884,1.0467670486351683
raw_VGAT15_VGLUT2_5,560,65.0,5286,13338,0.15682936057510405,0.148897885739991,1.0532678808412579
raw_VGAT15_VGLUT2_5,560,70.0,5232,13392,0.15749235474006115,0.14867084826762247,1.059335818522802
raw_VGAT15_VGLUT2_5,560,75.0,5245,13379,0.1586272640610105,0.14821735555721655,1.0702340725528285
raw_VGAT15_VGLUT2_5,560,80.0,5256,13368,0.15772450532724505,0.1485637342908438,1.0616622292117885
raw_VGAT15_VGLUT2_5,560,85.0,5220,13404,0.15478927203065135,0.14973142345568488,1.0337794729939465
raw_VGAT15_VGLUT2_5,560,90.0,5225,13399,0.1555980861244019,0.14941413538323756,1.0413879900004301
raw_VGAT15_VGLUT2_5,560,95.0,5252,13372,0.15175171363290174,0.15091235417289858,1.005561900247355
raw_VGAT15_VGLUT2_5,560,100.0,5247,13377,0.1522774919001334,0.15070643642072212,1.0104246077123435
raw_VGAT15_VGLUT2_5,560,105.0,5288,13336,0.14901664145234494,0.15199460107978405,0.980407464434372
raw_VGAT15_VGLUT2_5,560,110.0,5308,13316,0.15259984928409948,0.15057074196455392,1.0134761062678648
raw_VGAT15_VGLUT2_5,560,115.0,5343,13281,0.15553060078607525,0.14938634138995557,1.0411299944757386
raw_VGAT15_VGLUT2_5,560,120.0,5253,13371,0.15305539691604797,0.150400119661955,1.017654754930123
raw_VGAT15_VGLUT2_5,560,125.0,5229,13395,0.15509657678332378,0.1496080627099664,1.0366859511041029
raw_VGAT15_VGLUT2_5,560,130.0,5158,13466,0.15800697944939898,0.1485222040695084,1.0638609926328033
raw_VGAT15_VGLUT2_5,560,135.0,5049,13575,0.15785304020598137,0.14865561694290977,1.0618706743291362
raw_VGAT15_VGLUT2_5,560,140.0,4963,13661,0.154745113842434,0.14984261767074153,1.0327176356626726
raw_VGAT15_VGLUT2_5,560,145.0,4951,13673,0.15390830135326197,0.15014993052000292,1.025030786362957
raw_VGAT15_VGLUT2_5,560,150.0,4908,13716,0.15138549307253463,0.1510644502770487,1.002125204142319
raw_VGAT15_VGLUT2_5,560,155.0,4875,13749,0.14687179487179486,0.15266564841079353,0.9620487411587934
raw_VGAT15_VGLUT2_5,560,160.0,4881,13743,0.14443761524277812,0.15353270756021248,0.9407612067684833
raw_VGAT15_VGLUT2_5,560,165.0,4869,13755,0.14890121174779217,0.1519447473645947,0.9799694581774551
raw_VGAT15_VGLUT2_5,560,170.0,4853,13771,0.14856789614671337,0.15205867402512527,0.97704321768691
raw_VGAT15_VGLUT2_5,560,175.0,4833,13791,0.14959652389819988,0.15169313320281344,0.9861786142830183
raw_VGAT15_VGLUT2_5,560,180.0,4790,13834,0.14947807933194154,0.15172762758421282,0.9851737729766933
raw_VGAT15_VGLUT2_5,560,185.0,4753,13871,0.1493793393646118,0.15175546103381155,0.9843424305589219
raw_VGAT15_VGLUT2_5,560,190.0,4690,13934,0.15031982942430705,0.1514281613319937,0.9926808072029831
raw_VGAT15_VGLUT2_5,560,195.0,4627,13997,0.1424248973416901,0.1540330070729442,0.9246388163690334
raw_VGAT15_VGLUT2_5,560,200.0,4595,14029,0.1410228509249184,0.1544657495188538,0.9129716546495986
raw_VGAT15_VGLUT2_5,560,205.0,4609,14015,0.1395096550227815,0.15497681056011417,0.9001969682984727
normalized_geneP70,500,0.0,7378,23506,0.05787476280834915,0.06240959754956182,0.927337542312921
normalized_geneP70,500,5.0,7579,23305,0.05805515239477504,0.06239004505470929,0.9305194818158407
normalized_geneP70,500,10.0,7787,23097,0.0597149094644921,0.061869506862363075,0.9651751321913045
normalized_geneP70,500,15.0,7924,22960,0.06145885916203937,0.06128048780487805,1.0029107365745729
normalized_geneP70,500,20.0,8101,22783,0.0634489569188989,0.06057147873414388,1.0475054967270099
normalized_geneP70,500,25.0,8217,22667,0.0642570281124498,0.06026381964971103,1.066262120223206
normalized_geneP70,500,30.0,8368,22516,0.06417304015296367,0.060268253686267544,1.064790104704591
normalized_geneP70,500,35.0,8447,22437,0.06534864448916775,0.05981191781432455,1.0925689541009365
normalized_geneP70,500,40.0,8468,22416,0.06435994331601323,0.0601802284082798,1.0694532908611953
normalized_geneP70,500,45.0,8637,22247,0.06576357531550307,0.059603542050613564,1.1033501206968301
normalized_geneP70,500,50.0,8818,22066,0.06486731685189386,0.05991117556421644,1.082724821220794
normalized_geneP70,500,55.0,8799,22085,0.06262075235822252,0.060810504867557166,1.02976866405908
normalized_geneP70,500,60.0,8907,21977,0.059840574828786346,0.061928379669654636,0.9662867839913575
normalized_geneP70,500,65.0,9019,21865,0.058432198691650956,0.06252000914703865,0.934615965174066
normalized_geneP70,500,70.0,9043,21841,0.06048877584872277,0.06167300032049815,0.980798332080144
normalized_geneP70,500,75.0,9040,21844,0.06017699115044248,0.06180186778978209,0.9737082923631596
normalized_geneP70,500,80.0,9037,21847,0.060528936594002436,0.06165606261729299,0.9817191371708769
normalized_geneP70,500,85.0,9136,21748,0.06239054290718039,0.060879161302188706,1.024825926846948
normalized_geneP70,500,90.0,9109,21775,0.06433197936107146,0.06006888633754305,1.0709700692563693
normalized_geneP70,500,95.0,9064,21820,0.0632171226831421,0.06054078826764436,1.0442071286496295
normalized_geneP70,500,100.0,9100,21784,0.06252747252747252,0.060824458318031585,1.027998838896952
normalized_geneP70,500,105.0,9135,21749,0.06141215106732348,0.06129017426088556,1.0019901527105914
normalized_geneP70,500,110.0,9071,21813,0.060081578657259396,0.061843854582129924,0.9715044293927347
normalized_geneP70,500,115.0,8980,21904,0.05924276169265033,0.06218042366691015,0.9527558385578656
normalized_geneP70,500,120.0,8941,21943,0.05871826417626664,0.06238891673882332,0.9411649896419422
normalized_geneP70,500,125.0,8893,21991,0.05959743618576408,0.062025374016643174,0.9608557325228283
normalized_geneP70,500,130.0,8764,22120,0.05807850296668188,0.0626130198915009,0.9275786899805076
normalized_geneP70,500,135.0,8647,22237,0.05712964033768937,0.0629581328416603,0.9074227229922847
normalized_geneP70,500,140.0,8512,22372,0.05897556390977444,0.062220632934024675,0.9478457728372656
normalized_geneP70,500,145.0,8347,22537,0.06109979633401222,0.06141012557128278,0.9949466112569605
normalized_geneP70,500,150.0,8140,22744,0.06265356265356266,0.06085121350685895,1.0296189515842695
normalized_geneP70,500,155.0,7985,22899,0.0641202254226675,0.060351980435826895,1.0624378017030847
normalized_geneP70,500,160.0,7808,23076,0.06544569672131148,0.05993239729589184,1.0919919721916007
normalized_geneP70,500,165.0,7652,23232,0.06481965499215891,0.060175619834710745,1.0771746958353619
normalized_geneP70,500,170.0,7601,23283,0.06446520194711222,0.06030150753768844,1.0690479322896111
normalized_geneP70,500,175.0,7446,23438,0.06500134300295461,0.060158716614045565,1.0804975016335108
normalized_geneP70,500,180.0,7381,23503,0.06205121257282211,0.061098583159596646,1.0155916776455698
normalized_geneP70,500,185.0,7314,23570,0.060568772217664754,0.06156130674586339,0.9838772992214736
normalized_geneP70,500,190.0,7268,23616,0.06053935057787562,0.06156842818428184,0.9832856280929234
normalized_geneP70,500,195.0,7203,23681,0.06011384145494933,0.06169502977070225,0.974370896300243
normalized_geneP70,500,200.0,7251,23633,0.05861260515790925,0.0621588456818855,0.942948739072069
normalized_geneP70,500,205.0,7378,23506,0.05828137706695581,0.0622819705607079,0.9357664271419831
normalized_geneP70,530,0.0,5245,13819,0.07740705433746425,0.08994862146320284,0.8605696571918089
normalized_geneP70,530,5.0,5220,13844,0.07547892720306514,0.09065299046518348,0.8326137595213018
normalized_geneP70,530,10.0,5181,13883,0.07990735379270411,0.08895771807246272,0.8982621803272155
normalized_geneP70,530,15.0,5231,13833,0.08315809596635443,0.08776115087110532,0.9475501989312858
normalized_geneP70,530,20.0,5223,13841,0.0813708596591997,0.08843291669677046,0.9201422128619142
normalized_geneP70,530,25.0,5241,13823,0.08223621446288876,0.08811401287708891,0.933293261511093
normalized_geneP70,530,30.0,5274,13790,0.08399696624952598,0.08745467730239304,0.9604628230356246
normalized_geneP70,530,35.0,5331,13733,0.08084787094353779,0.08869147309400714,0.9115630637665061
normalized_geneP70,530,40.0,5387,13677,0.08000742528308892,0.08905461724062294,0.8984085021320256
normalized_geneP70,530,45.0,5344,13720,0.07709580838323353,0.09016034985422741,0.8550965974276183
normalized_geneP70,530,50.0,5336,13728,0.07721139430284858,0.09010780885780886,0.8568779474450325
normalized_geneP70,530,55.0,5363,13701,0.08148424389334327,0.08846069629954018,0.921135004606185
normalized_geneP70,530,60.0,5355,13709,0.07973856209150326,0.08913852213874097,0.8945466020559887
normalized_geneP70,530,65.0,5368,13696,0.08215350223546945,0.08820093457943926,0.9314357339544616
normalized_geneP70,530,70.0,5376,13688,0.0822172619047619,0.08817942723553478,0.9323859825620389
normalized_geneP70,530,75.0,5359,13705,0.08285127822354917,0.08792411528639182,0.942304371828831
normalized_geneP70,530,80.0,5410,13654,0.08650646950092422,0.08649480005859089,1.0001349149581873
normalized_geneP70,530,85.0,5348,13716,0.08676140613313388,0.08639545056867892,1.0042358198498431
normalized_geneP70,530,90.0,5360,13704,0.09085820895522388,0.08479276123759487,1.071532612325635
normalized_geneP70,530,95.0,5258,13806,0.09509319132750095,0.08322468491960017,1.1426080064991107
normalized_geneP70,530,100.0,5238,13826,0.09736540664375716,0.08238102126428468,1.1818912311295755
normalized_geneP70,530,105.0,5231,13833,0.10055438730644237,0.08118267910070122,1.2386187351825622
normalized_geneP70,530,110.0,5108,13956,0.10415035238841033,0.08003725995987389,1.3012733374508993
normalized_geneP70,530,115.0,4956,14108,0.1059322033898305,0.07967110859087043,1.3296187948609686
normalized_geneP70,530,120.0,4820,14244,0.1087136929460581,0.07898062342038753,1.3764603042876902
normalized_geneP70,530,125.0,4727,14337,0.11021789718637613,0.07867754760410128,1.4008811985470517
normalized_geneP70,530,130.0,4557,14507,0.10796576695194207,0.07975460122699386,1.3537246163974275
normalized_geneP70,530,135.0,4508,14556,0.10204081632653061,0.0816845287166804,1.2492061584936751
normalized_geneP70,530,140.0,4544,14520,0.09903169014084508,0.08257575757575758,1.1992828530817936
normalized_geneP70,530,145.0,4656,14408,0.09407216494845361,0.0840505274847307,1.1192334868516265
normalized_geneP70,530,150.0,4803,14261,0.08994378513429106,0.08533763410700512,1.0539756119968158
normalized_geneP70,530,155.0,4840,14224,0.08760330578512397,0.08612204724409449,1.0171995277449823
normalized_geneP70,530,160.0,4968,14096,0.0819243156199678,0.08811010215664018,0.929794809161889
normalized_geneP70,530,165.0,5073,13991,0.07825744135619948,0.08948609820598956,0.8745206565611717
normalized_geneP70,530,170.0,5172,13892,0.0771461716937355,0.08997984451482868,0.8573716937354988
normalized_geneP70,530,175.0,5152,13912,0.07589285714285714,0.09042553191489362,0.8392857142857142
normalized_geneP70,530,180.0,5144,13920,0.07542768273716952,0.09058908045977011,0.8326354827132432
normalized_geneP70,530,185.0,5233,13831,0.07682017962927574,0.09015978598799798,0.8520448311567865
normalized_geneP70,530,190.0,5257,13807,0.07856191744340879,0.08951980879264142,0.8775925518941303
normalized_geneP70,530,195.0,5295,13769,0.07950897072710104,0.0891858522768538,0.8914975716135621
normalized_geneP70,530,200.0,5281,13783,0.08047718235182731,0.08880504969890445,0.9062230427738855
normalized_geneP70,530,205.0,5266,13798,0.07842764906950248,0.08957819973909262,0.8755216034474071
normalized_geneP70,560,0.0,4620,14004,0.13917748917748918,0.13838903170522707,1.0056973985766555
normalized_geneP70,560,5.0,4648,13976,0.1333907056798623,0.1403119633657699,0.950672362356836
normalized_geneP70,560,10.0,4702,13922,0.13717566992769034,0.13906047981611838,0.9864461140151368
normalized_geneP70,560,15.0,4807,13817,0.13001872269606823,0.14156473908952738,0.918440026324936
normalized_geneP70,560,20.0,4912,13712,0.12642508143322476,0.14294049008168028,0.8844595492920295
normalized_geneP70,560,25.0,4996,13628,0.12630104083266613,0.14308776049310243,0.8826823510090124
normalized_geneP70,560,30.0,5036,13588,0.12013502779984114,0.1454224315572564,0.8261107073604461
normalized_geneP70,560,35.0,5072,13552,0.12204258675078865,0.14477567886658796,0.8429771333571293
normalized_geneP70,560,40.0,5197,13427,0.11852992110833173,0.14634691293662025,0.8099243006216641
normalized_geneP70,560,45.0,5227,13397,0.11995408456093361,0.14585354930208255,0.8224282860096354
normalized_geneP70,560,50.0,5249,13375,0.12097542389026482,0.14549532710280375,0.8314729159980945
normalized_geneP70,560,55.0,5266,13358,0.12153437143942271,0.14530618356041325,0.8364019235898034
normalized_geneP70,560,60.0,5290,13334,0.12438563327032136,0.14421778911054448,0.862484677080845
normalized_geneP70,560,65.0,5286,13338,0.1263715474839198,0.14342480131953816,0.8810996865345124
normalized_geneP70,560,70.0,5232,13392,0.128631498470948,0.1424731182795699,0.9028474987017483
normalized_geneP70,560,75.0,5245,13379,0.1351763584366063,0.13992077135809852,0.9660921471812797
normalized_geneP70,560,80.0,5256,13368,0.1360350076103501,0.1395870736086176,0.9745530448741478
normalized_geneP70,560,85.0,5220,13404,0.14061302681992338,0.13779468815279022,1.020453173521523
normalized_geneP70,560,90.0,5225,13399,0.14602870813397129,0.13568176729606687,1.0762588890467994
normalized_geneP70,560,95.0,5252,13372,0.15194211728865195,0.13333831887526174,1.1395232711070409
normalized_geneP70,560,100.0,5247,13377,0.15132456641890604,0.13358750093443972,1.1327748880725832
normalized_geneP70,560,105.0,5288,13336,0.15393343419062028,0.13249850029994,1.1617749170153435
normalized_geneP70,560,110.0,5308,13316,0.15712132629992465,0.13119555422048662,1.197611666290668
normalized_geneP70,560,115.0,5343,13281,0.16058394160583941,0.12973420676153904,1.2377918331208086
normalized_geneP70,560,120.0,5253,13371,0.1629545021892252,0.12901054520978236,1.263109941317177
normalized_geneP70,560,125.0,5229,13395,0.15777395295467583,0.13109369167599852,1.2035205579885435
normalized_geneP70,560,130.0,5158,13466,0.15975184179914695,0.1304767562750631,1.2243701204708668
normalized_geneP70,560,135.0,5049,13575,0.1562685680332739,0.1320073664825046,1.1837867249172396
normalized_geneP70,560,140.0,4963,13661,0.153737658674189,0.13307956957762976,1.155231108442297
normalized_geneP70,560,145.0,4951,13673,0.1500706927893355,0.1344255101294522,1.1163855182310034
normalized_geneP70,560,150.0,4908,13716,0.1460880195599022,0.13589967920676582,1.0749695688216838
normalized_geneP70,560,155.0,4875,13749,0.14728205128205127,0.13550076369190486,1.0869462818448326
normalized_geneP70,560,160.0,4881,13743,0.14259373079287033,0.13716073637488177,1.0396104203110965
normalized_geneP70,560,165.0,4869,13755,0.13555144793592114,0.13965830607051982,0.9705935275161869
normalized_geneP70,560,170.0,4853,13771,0.1337317123428807,0.1402948224529809,0.9532191566634629
normalized_geneP70,560,175.0,4833,13791,0.1313883716118353,0.14110651874410848,0.9311289994341319
normalized_geneP70,560,180.0,4790,13834,0.1315240083507307,0.14102934798322972,0.9326002724367035
normalized_geneP70,560,185.0,4753,13871,0.12770881548495686,0.1423112969504722,0.8973905671691168
normalized_geneP70,560,190.0,4690,13934,0.13049040511727078,0.14130902827615904,0.9234399720183093
normalized_geneP70,560,195.0,4627,13997,0.1378863194294359,0.13881546045581197,0.9933066459360855
normalized_geneP70,560,200.0,4595,14029,0.1410228509249184,0.13778601468386914,1.0234917618342887
normalized_geneP70,560,205.0,4609,14015,0.13842482100238662,0.13863717445594007,0.9984682791294125
