gene,section,action,residual_ratio,peak_ratio,deficit_reduction,mass_add_vs594,gridcorr594,fine_eta_ratio,r1r5_eta_ratio,changed_frac,radius,qcut,gain,cap
Snap25,500,HOLD_STAGE594_NO_SAFE_SOLUTION,1.0,1.0,0.0,0.0,1.0,1.0,1.0,0.0,0,0,0.0,0.0
Snap25,560,STAGE852_CORRECTED,0.2159406964813617,0.26334391230586457,0.7955833762119164,0.004230847386433524,0.9999511681987977,1.0065918914936451,1.0294229047265366,0.18767521025230277,2,80,1.0,12.0
Npy1r,500,STAGE852_CORRECTED,0.3532682406887413,0.41950956202569806,0.6816803929179576,0.006635222825922076,0.9997898651143703,1.0021524000338333,0.9707941249676191,0.15612981151266647,2,50,1.0,2.0
Npy1r,530,STAGE852_CORRECTED,0.4248352843626991,0.48383512574382354,0.8283414054879628,0.019806531989975854,0.9985054579171786,1.0222470709826572,1.0074363224278613,0.22239555403890215,1,50,1.25,1.0
Npy1r,560,STAGE852_CORRECTED,0.555284981174383,0.7300494468220309,0.6527086066594552,0.006906220370900911,0.9994103444168839,1.0000855772267772,0.9724521426791197,0.12915498598317982,1,95,0.75,2.0
Pdyn,500,STAGE852_CORRECTED,0.14255858896961981,0.12691852938772713,0.8967388252887596,0.011268158609334682,0.998542421734421,1.0075221434325088,1.0080396878077091,0.13098757191443375,2,50,1.5,1.0
Pdyn,530,HOLD_STAGE594_NO_SAFE_SOLUTION,1.0,1.0,0.0,0.0,1.0,1.0,1.0,0.0,0,0,0.0,0.0
Pdyn,560,STAGE852_CORRECTED,0.15227436164865438,0.12578196727800342,0.8705835242391023,0.007052330464101841,0.9996244375712101,1.0000747685672897,0.9791426048291834,0.17345814977973567,3,90,1.25,2.0
Slc6a4,530,STAGE852_CORRECTED,0.3757840256346246,0.4733887997369609,0.7800330282223382,0.015388565482409295,0.99961683392973,1.003377020019861,0.9906637491458584,0.24647784331887096,2,80,1.5,1.0
Slc32a1,500,STAGE852_CORRECTED,0.18984610795602436,0.20191312758774765,0.8678016206490033,0.013165194986685162,0.9991702024252386,1.0037907198275158,0.9798105337292439,0.4087918375131115,3,90,1.25,2.0
Slc32a1,530,STAGE852_CORRECTED,0.22903193634622707,0.2602143531971325,0.8583268752426396,0.008388760943707756,0.9996449558381959,1.0016815862885802,1.000095407322494,0.20523570418758835,1,95,1.0,12.0
Slc32a1,560,STAGE852_CORRECTED,0.3168694186640042,0.3987709222465094,0.962929756666621,0.005523837051025759,0.9999064049176271,0.9994529635233708,0.9968981627037353,0.18507208650380458,3,80,1.25,2.0
Otx2os1,500,STAGE852_CORRECTED,0.47303302767912775,0.4069929491654223,0.6666666365347731,0.017436768327955352,0.998980630429894,1.010216841253589,1.0069018418402962,0.2006929213947427,1,50,1.0,2.0
Otx2os1,560,STAGE852_CORRECTED,0.17466332309089844,0.13926034060048012,0.8725575884887242,0.015588490970615574,0.9986989513977084,1.001502479524006,1.0190692166258573,0.27017420905086104,3,50,1.5,4.0
Meis2,500,STAGE852_CORRECTED,0.5021678194450525,0.48182352914128224,0.4823565466783378,0.014423695490075678,0.9985644445801349,1.0133894060773332,0.970944700996786,0.15072629604907664,0,80,0.75,4.0
Meis2,530,STAGE852_CORRECTED,0.10028360949851639,0.1716361981266836,0.9458836349682521,0.023136787537247627,0.9991249545423394,1.0074401371778405,0.9964323874213168,0.3597231024228538,3,95,1.25,4.0
Slc17a6,500,STAGE852_CORRECTED,0.43760429778468185,0.4487788819966622,0.6103450768329387,0.024638473953447957,0.9988958624571599,1.0126276462950872,1.015792224628306,0.15193414068211436,0,50,1.25,1.0
Slc17a6,530,STAGE852_CORRECTED,0.22908721647372401,0.3129467864500829,0.86256686281719,0.012105381851908768,0.9996316759997155,0.9990670648549286,0.9872285404481627,0.17418222590552332,1,70,1.5,1.0
