family,dataset,metric,effect,status,inference_unit,placement,source
selected_BehLift,allen_vc2p,delta_r2,0.0611833764665956,POSITIVE,59 held biological units,MAIN_B,FIG4_MAIN_B_SELECTED_COMPLETION_20261005.csv
target_dependence,allen_vc2p,delta_r2,-0.0318611181156538,TARGET_LEVEL,59 held biological units,MAIN_E/ED,FIG4_MAIN_E_TARGET_DEPENDENCE_20261005.csv
target_dependence,allen_vc2p,delta_r2,-0.0726348814933681,TARGET_LEVEL,59 held biological units,MAIN_E/ED,FIG4_MAIN_E_TARGET_DEPENDENCE_20261005.csv
target_dependence,allen_vc2p,delta_r2,-0.0398608265316499,TARGET_LEVEL,59 held biological units,MAIN_E/ED,FIG4_MAIN_E_TARGET_DEPENDENCE_20261005.csv
target_dependence,allen_vc2p,delta_r2,-0.082658953231798,TARGET_LEVEL,59 held biological units,MAIN_E/ED,FIG4_MAIN_E_TARGET_DEPENDENCE_20261005.csv
target_dependence,allen_vc2p,delta_r2,-0.0505226983392793,TARGET_LEVEL,59 held biological units,MAIN_E/ED,FIG4_MAIN_E_TARGET_DEPENDENCE_20261005.csv
target_dependence,allen_vc2p,delta_r2,0.021370098101513,TARGET_LEVEL,59 held biological units,MAIN_E/ED,FIG4_MAIN_E_TARGET_DEPENDENCE_20261005.csv
target_dependence,allen_vc2p,delta_r2,-0.0429872782188547,TARGET_LEVEL,59 held biological units,MAIN_E/ED,FIG4_MAIN_E_TARGET_DEPENDENCE_20261005.csv
target_dependence,allen_vc2p,delta_r2,-0.0539149534886318,TARGET_LEVEL,59 held biological units,MAIN_E/ED,FIG4_MAIN_E_TARGET_DEPENDENCE_20261005.csv
target_dependence,allen_vc2p,delta_r2,0.0062070682411452,TARGET_LEVEL,59 held biological units,MAIN_E/ED,FIG4_MAIN_E_TARGET_DEPENDENCE_20261005.csv
target_dependence,allen_vc2p,delta_r2,0.0067038699231369,TARGET_LEVEL,59 held biological units,MAIN_E/ED,FIG4_MAIN_E_TARGET_DEPENDENCE_20261005.csv
target_dependence,allen_vc2p,delta_r2,0.0909819043326799,TARGET_LEVEL,59 held biological units,MAIN_E/ED,FIG4_MAIN_E_TARGET_DEPENDENCE_20261005.csv
target_dependence,allen_vc2p,delta_r2,-0.1210967769891917,TARGET_LEVEL,59 held biological units,MAIN_E/ED,FIG4_MAIN_E_TARGET_DEPENDENCE_20261005.csv
target_dependence,allen_vc2p,delta_r2,-0.0460824542356335,TARGET_LEVEL,59 held biological units,MAIN_E/ED,FIG4_MAIN_E_TARGET_DEPENDENCE_20261005.csv
target_dependence,allen_vc2p,delta_r2,0.0098045875204508,TARGET_LEVEL,59 held biological units,MAIN_E/ED,FIG4_MAIN_E_TARGET_DEPENDENCE_20261005.csv
target_dependence,allen_vc2p,delta_r2,0.0611833764665956,TARGET_LEVEL,59 held biological units,MAIN_E/ED,FIG4_MAIN_E_TARGET_DEPENDENCE_20261005.csv
target_dependence,allen_vc2p,delta_r2,0.0070000103258716,TARGET_LEVEL,59 held biological units,MAIN_E/ED,FIG4_MAIN_E_TARGET_DEPENDENCE_20261005.csv
target_dependence,allen_vc2p,delta_r2,-0.0193230057997941,TARGET_LEVEL,59 held biological units,MAIN_E/ED,FIG4_MAIN_E_TARGET_DEPENDENCE_20261005.csv
target_dependence,allen_vc2p,delta_r2,-0.0213344366505974,TARGET_LEVEL,59 held biological units,MAIN_E/ED,FIG4_MAIN_E_TARGET_DEPENDENCE_20261005.csv
target_dependence,allen_vc2p,delta_r2,-0.0455111873367239,TARGET_LEVEL,59 held biological units,MAIN_E/ED,FIG4_MAIN_E_TARGET_DEPENDENCE_20261005.csv
target_dependence,allen_vc2p,delta_r2,0.0045349256094239,TARGET_LEVEL,59 held biological units,MAIN_E/ED,FIG4_MAIN_E_TARGET_DEPENDENCE_20261005.csv
target_dependence,allen_vc2p,delta_r2,0.0081176486912377,TARGET_LEVEL,59 held biological units,MAIN_E/ED,FIG4_MAIN_E_TARGET_DEPENDENCE_20261005.csv
target_dependence,allen_vc2p,delta_r2,-0.0274296729973084,TARGET_LEVEL,59 held biological units,MAIN_E/ED,FIG4_MAIN_E_TARGET_DEPENDENCE_20261005.csv
target_dependence,allen_vc2p,delta_r2,-0.0911623094694996,TARGET_LEVEL,59 held biological units,MAIN_E/ED,FIG4_MAIN_E_TARGET_DEPENDENCE_20261005.csv
target_dependence,allen_vc2p,delta_r2,-0.0203937161659466,TARGET_LEVEL,59 held biological units,MAIN_E/ED,FIG4_MAIN_E_TARGET_DEPENDENCE_20261005.csv
target_dependence,allen_vc2p,delta_r2,-0.0410237709686563,TARGET_LEVEL,59 held biological units,MAIN_E/ED,FIG4_MAIN_E_TARGET_DEPENDENCE_20261005.csv
relation_index,allen_vc2p,BH_q,0.0008284057474219,SUPPORTED,59 held groups,ED2,FIG4_ED2_RELATION_INDEX_20261005.csv
