dataset,figure,stage_status,tool_correctness,evidence_role,primary_result,why_stop_or_boundary,source
mclachlan2025,Fig1,EXECUTED,PASS,SUPPORT,multi-axis molecular/function evidence executed across 4 held animals; Fig1 authority rows=27,,analysis_workspace/results\manuscript\MCLACHLAN_FIG123_TOOL_VALIDATION_20261003.csv
mclachlan2025,Fig2,EXECUTED,PASS,SUPPORT,"PERI/ECT exact AtlasLift: 22/23 overlap; global geometry rho 0.208→0.320, delta +0.112, matched-random q=0.040",,analysis_workspace/results\manuscript\MCLACHLAN_FIG123_TOOL_VALIDATION_20261003.csv
mclachlan2025,Fig3,EXECUTED,PASS,DIRECTIONAL,"K10 fixed-budget directional: delta Spearman +0.0351, delta AUROC +0.0267, delta AUPRC +0.0213; 4/4 wins; q about 0.312",,analysis_workspace/results\manuscript\MCLACHLAN_FIG123_TOOL_VALIDATION_20261003.csv
mclachlan2025,Fig4,EXECUTED,PASS,MIXED_BOUNDARY,"biology-aware primary dAIC axes; best delta R2=+0.0154 (feat__dAIC_dec_correct_report), but delta Spearman=-0.0257, delta AUROC=-0.0045; no robust multimetric completion",Derived median/early/late/slope summaries were removed to prevent same-axis leakage.,analysis_workspace/results\fig47_end2end_fig123_20261003\mclachlan_run_v2\functional_completion\completion_opportunity.csv
mclachlan2025,Fig5,EXECUTED,PASS,BOUNDARY,"shared operator R2=-0.0125, Spearman=-0.2007, AUROC=0.3966; fig7_ready=false",Absolute held-animal response-law prediction is unsupported.,analysis_workspace/results\fig47_end2end_fig123_20261003\mclachlan_run_v2\operator\operator_model_card.json
mclachlan2025,Fig6,BLOCKED_PRECHECK,PASS,COVERAGE_BOUNDARY,foundation/generalization preflight blocked: only 12 measured genes resolve to frozen tokens (<16); no invented endpoint transfer pairs,"Exact functional endpoint overlap with Allen HCR/Condylis is zero; semantic transfer must be prespecified, not guessed.",analysis_workspace/results\fig47_end2end_fig123_20261003\mclachlan_run_v2\SUMMARY.md
mclachlan2025,Fig7,NOT_APPLICABLE_GATE,PASS,BOUNDARY,"PerturbAtlas-compatible 8-gene operator failed Fig7 readiness: R2=-0.0139, Spearman=-0.2332, AUROC=0.3708, fold-R2-positive=0",Tool correctly stops before prospective nomination.,analysis_workspace/results\fig47_end2end_fig123_20261003\mclachlan_nominate_23ctx\stage_report.json
allen_visual_learning_hcr,Fig1,EXECUTED,PASS,SUPPORT,"genes vs coarse type delta Spearman +0.0885, delta R2 +0.0272, wins=1.0; type_l1 relation index 0.2553, q=0.000999",,analysis_workspace/results\manuscript\ALLEN_VL_HCR_FIG123_TOOL_VALIDATION_20261003.csv
allen_visual_learning_hcr,Fig2,EXECUTED,PASS,SUPPORT,VISp exact: 19/21 overlap; geometry rho=0.241; hidden-gene recovery rho=0.206; stability=0.816; multiple held-mouse downstream gains,,analysis_workspace/results\manuscript\ALLEN_VL_HCR_FIG123_TOOL_VALIDATION_20261003.csv
allen_visual_learning_hcr,Fig3,EXECUTED,PASS,SUPPORT,"K5 vs matched random: delta Spearman +0.097, delta AUROC +0.062, delta AUPRC +0.046; 6/6 wins for rank/AUC/AP; q=0.0469",,analysis_workspace/results\manuscript\ALLEN_VL_HCR_FIG123_TOOL_VALIDATION_20261003.csv
allen_visual_learning_hcr,Fig4,EXECUTED,PASS,SATURATION_BOUNDARY,Full-chain biology-aware completion: best delta R2=+0.0079 (feat__change_reliability); 0 robust multimetric conditional-completion targets.,Do not headline a positive delta R2 when rank/held-unit evidence does not agree.,analysis_workspace/results\end2end_full_onecmd_20261004\allen_hcr_visual\functional_completion\completion_opportunity.csv
allen_visual_learning_hcr,Fig5,EXECUTED,PASS,ABSOLUTE_OPERATOR_SUPPORT,"PerturbAtlas-compatible 15-gene/10-function deployment=shared_fullrank: held-mouse R2=0.1556, Spearman=0.3696, AUROC=0.7415, fold-R2-positive=0.50; fig7_ready=true.",Fig7 qualification is based on held-unit prediction; it is not causal validation.,analysis_workspace/results\end2end_full_onecmd_20261004\allen_hcr_visual\operator_perturb_compatible\operator_model_card.json
allen_visual_learning_hcr,Fig6,EXECUTED,PASS,FOUNDATION_AUGMENTATION_PLUS_NEGATIVE_GENERALIZATION,"Within-dataset raw+Large vs raw mean delta R2=+0.0046, 8/10 targets positive. Prespecified HCR visual-evoked-strength -> Zhao transfer: source OOF rho=0.305, target rho=-0.192, p=0.921; status=EXECUTED_NO_TARGET_TRANSFER; claim_supported=false.","Single-dataset foundation-forward augmentation is not itself a cross-dataset conservation claim. Representation/hyperparameters were selected source-only, but target evaluation is non-positive; do not claim transfer or conservation.",analysis_workspace/results\end2end_full_onecmd_20261004\allen_hcr_visual\generalize\GENERALIZATION_AUTHORITY.json
allen_visual_learning_hcr,Fig7,EXECUTED,PASS,PROSPECTIVE_DESIGN_SUPPORT,"One-command Fig7: 44,133 perturbation-context conditions; 7,781 eligible; 2,046 perturbations; 23 contexts, using the held-mouse-qualified Fig5 operator.","Rankings are prospective direction/selectivity hypotheses, not calibrated effect sizes or causal discoveries.",analysis_workspace/results\end2end_full_onecmd_20261004\allen_hcr_visual\nominate\stage_report.json
condylis2022,Fig1,EXECUTED,PASS,VALID_NULL_BOUNDARY,"9 held mice; genes/type carry similar categorical marker information; relation index 0.0245, q=0.913 retained as valid null",,analysis_workspace/results\manuscript\CONDYLIS2022_FIG123_TOOL_VALIDATION_20261003.csv
condylis2022,Fig2,EXECUTED,PASS,SUPPORT,"SSp-bfd exact reference: 6/6 overlap; GOOD; hidden-gene recovery rho=0.221, p=0.0476; stability=0.836",,analysis_workspace/results\manuscript\CONDYLIS2022_FIG123_TOOL_VALIDATION_20261003.csv
condylis2022,Fig3,EXECUTED,PASS,BOUNDARY,"K5 fixed-budget delta Spearman about -0.00008, wins 2/9, q=0.752; full 6-marker panel correctly non-inferential",,analysis_workspace/results\manuscript\CONDYLIS2022_FIG123_TOOL_VALIDATION_20261003.csv
condylis2022,Fig4,EXECUTED,PASS,SATURATION_BOUNDARY,state completion is saturated: best delta R2=+0.0013; function-only R2=0.866,Molecular markers add almost no unique information once other task/passive states are observed.,analysis_workspace/results\fig47_end2end_fig123_20261003\condylis_run\functional_completion\completion_opportunity.csv
condylis2022,Fig5,EXECUTED,PASS,BOUNDARY,"shared operator R2=-0.0500, Spearman=-0.2181, AUROC=0.3604; no absolute operator support",Categorical 6-marker identity is insufficient for held-mouse multivariate response law.,analysis_workspace/results\fig47_end2end_fig123_20261003\condylis_run\operator\operator_summary.csv
condylis2022,Fig6,BLOCKED_PRECHECK,PASS,PANEL_SIZE_BOUNDARY,foundation blocked because only 6 genes resolve to frozen tokens (<16),Do not lower the threshold to force a foundation result.,analysis_workspace/results\fig47_end2end_fig123_20261003\condylis_run\SUMMARY.md
condylis2022,Fig7,NOT_APPLICABLE_GATE,PASS,BOUNDARY,"PerturbAtlas-compatible 3-gene operator failed readiness: R2=-0.0363, Spearman=-0.2635, AUROC=0.3294, fold-R2-positive=0",Tool correctly stops before virtual perturbation nomination.,analysis_workspace/results\fig47_end2end_fig123_20261003\condylis_nominate_23ctx\stage_report.json
microns_v1em,Fig1,EXECUTED_SESSION_HELD,PASS,STRUCTURAL_SUPPORT,"24,713 unique EM neurons; session-held: space rho=0.1465 vs type 0.0369; space-type delta rho=+0.1096 (6/6); RFx/RFy rho=0.497/0.536",One animal: never call this held-animal or cross-animal.,analysis_workspace/results\manuscript\MICRONS_V1EM_TOOL_VALIDATION_20261003.csv
microns_v1em,Fig2,NOT_APPLICABLE,PASS,NO_TRANSCRIPTOME_BOUNDARY,AtlasLift molecular recovery is correctly unavailable because there is no transcriptomic gene block,Structural/anatomical data must not be masqueraded as molecular recovery.,analysis_workspace/results\manuscript\MICRONS_V1EM_TOOL_VALIDATION_20261003.csv
microns_v1em,Fig3,NOT_APPLICABLE,PASS,NO_TRANSCRIPTOME_BOUNDARY,molecular fixed-budget selection is correctly unavailable,No gene panel exists to select.,analysis_workspace/results\manuscript\MICRONS_V1EM_TOOL_VALIDATION_20261003.csv
microns_v1em,Fig4,EXECUTED_STRUCTURAL,PASS,STRUCTURAL_GEOMETRY_SUPPORT,public continuation executes coordinate mediation + relation under session-acquisition holdout; connectivity-complete cohort shows only small non-significant increment over type+space,"Fig4 is structural/function geometry only, not molecular completion.",analysis_workspace/results\fig47_end2end_fig123_20261003\microns_run\SUMMARY.md
microns_v1em,Fig5,NOT_APPLICABLE,PASS,NO_MOLECULAR_OPERATOR,no gene-to-multiresponse operator is scientifically defined from this dataset,Do not fabricate an operator from connectivity labels.,analysis_workspace/results\manuscript\MICRONS_V1EM_TOOL_VALIDATION_20261003.csv
microns_v1em,Fig6,NOT_APPLICABLE,PASS,NO_MOLECULAR_FOUNDATION,foundation/transfer molecular route correctly unavailable,Single animal and no transcriptome.,analysis_workspace/results\manuscript\MICRONS_V1EM_TOOL_VALIDATION_20261003.csv
microns_v1em,Fig7,NOT_APPLICABLE,PASS,NO_PERTURBABLE_MOLECULAR_LAW,"no validated molecular operator, therefore no Perturb-GAP nomination",Correct stopping behavior is part of tool acceptance.,analysis_workspace/results\manuscript\MICRONS_V1EM_TOOL_VALIDATION_20261003.csv
