model,fold,heldout,n,n_targets,n_gene_features,r2_vw,macro_r2,spearman_median,nrmse,alpha,rank
independent_Ridge,0,20210225_F1,180,12,9,-0.03158254642398065,-0.031121122030567883,0.03551887830349851,1.095379048843376,,
shared_fullrank,0,20210225_F1,180,12,9,-0.03623707690621906,-0.028499521050472598,0.03551887830349851,1.0946458429522252,1000.0,
shared_RRR_selected,0,20210225_F1,180,12,9,-0.021325854118820858,-0.02320205073976303,0.009601271724804928,1.0924036600908487,1000.0,1.0
independent_Ridge,1,20210225_F2,418,12,9,-0.02633527663221252,-0.01756071661486518,0.07998648168084879,0.9551953927286387,,
shared_fullrank,1,20210225_F2,418,12,9,-0.02500293103267461,-0.027486889042075736,0.08026962970950023,0.9611073662130641,10000.0,
shared_RRR_selected,1,20210225_F2,418,12,9,-0.025910382318622856,-0.028327664607779773,0.08243997908068335,0.9619372992495172,10000.0,1.0
independent_Ridge,2,20210225_F3,326,12,9,0.019008372316076536,0.004303443953532289,0.08253678894226699,0.9552420167358576,,
shared_fullrank,2,20210225_F3,326,12,9,-0.0010022639925327743,-0.005292175006479207,0.0844979222902156,0.9601259879044252,10000.0,
shared_RRR_selected,2,20210225_F3,326,12,9,-0.0012452877879189207,-0.006034996625346956,0.09343440491121413,0.9605072324441919,10000.0,1.0
independent_Ridge,3,20210226_F1,166,12,9,-0.05141565292023657,-0.03355295280202225,-0.03920071816776052,1.1584583847970533,,
shared_fullrank,3,20210226_F1,166,12,9,-0.04618543553675071,-0.02851704956529107,-0.020417657376187517,1.154724091645263,1000.0,
shared_RRR_selected,3,20210226_F1,166,12,9,-0.045566766139568525,-0.024342121760740743,-0.03245418607351095,1.15280717235778,1000.0,2.0
independent_Ridge,4,20210226_F2,95,12,9,-0.13615554321231418,-0.18988603402650253,-0.06994707054935409,0.9181525619493435,,
shared_fullrank,4,20210226_F2,95,12,9,-0.11071634979542332,-0.16535160477581504,-0.06994707054935409,0.9145163426322201,1000.0,
shared_RRR_selected,4,20210226_F2,95,12,9,-0.10084225997631766,-0.16236611338519485,-0.06757550772001497,0.9141140159792956,1000.0,3.0
independent_Ridge,5,20210226_F3,119,12,9,-0.021814407224683398,-0.04659016914587255,-0.039925598777112214,1.0881833565325068,,
shared_fullrank,5,20210226_F3,119,12,9,-0.036104581052625984,-0.042812937825804365,-0.039925598777112214,1.0863067189059512,1000.0,
shared_RRR_selected,5,20210226_F3,119,12,9,-0.03749198590312805,-0.0366894720907233,-0.0466279149619967,1.083367802726577,1000.0,3.0
