dataset,role_registry_version,evidence_kind,modalities,strongest_figure,article_role,placement,scientific_question,strongest_valid_result,evidence_strength,multimetric_support,held_unit_support,boundary_or_caveat,secondary_roles,next_action,source
allen_vc2p,20261005-v5-science-audited,independent_dataset,13 Cre driver-line identity indicators + 2P function + area/atlas state,ED driver-line baseline,large held-donor functional benchmark with identity-derived molecular block,ED / tool boundary,Does molecular state add information about visual functional coordinates beyond other measured functions?,Cre-line identity held-donor median rho=0.189 but held-Cre-line rho=-0.209; conditional Fig4 results cannot be interpreted as continuous measured-gene replication.,B functional benchmark; molecular replication N/A,yes for specific Fig4 coordinate; weak for global Fig5 law,256 animals / held-animal,"The 13 gene__ columns are Cre-line one-hot indicators, not measured per-cell genes.",Fig4 manifold/completion; Fig5 weak operator boundary; multi-area AtlasLift row-scope regression,Rename molecular block everywhere; do not count as independent molecular-state replication.,results/manuscript/FIG4_7_GAPFILL_AUTHORITY_V1_20261004.csv
allen_visual_learning_hcr,20261005-v5-science-audited,independent_dataset,22 genes+2P change/omission+cell type,Fig5/Fig7 + end-to-end tool acceptance,visual-learning identity/response-law independent replication and full Fig1-to-Fig7 demonstration,ED / tool main,Does cell identity/molecular state organize learned visual response structure?,"Fig1-3 relation/panel evidence is strong; Fig4 completion is saturated; 15-gene held-mouse operator is amplitude-ready (R2 about 0.156, Spearman about 0.357, AUROC about 0.742); Fig7 produces 44,133 perturbation-context conditions across 23 contexts. HCR-to-Zhao visual-evoked transfer is negative on target evaluation.",A for tool lineage; B+ native biological breadth,yes,6 mice,Fig4 is not a BehLift positive; Fig6 visual-evoked transfer to Zhao is a negative boundary; Fig7 is prospective ranking only.,Fig1-3 external integration; Fig5 operator; Fig6 boundary; Fig7 end-to-end demo,Use as the canonical new-dataset end-to-end demo; keep negative Zhao transfer visible.,results/manuscript/FIG123_TO_FIG47_END2END_AUTHORITY_20261003.csv
barseq2_2021,20261005-v5-science-audited,independent_dataset,3 genes+single projection endpoint,Fig5 ED,single-endpoint structural mapping breadth,Supplement / tool breadth,Can GAP handle a single structural endpoint without incorrectly requiring a multi-target operator?,"held-session Ridge: R² 0.0192, Spearman 0.2649, AUROC 0.6476; public single-target projection_map now executes.",C+,rank/AUC directional,23 sessions,only one projection target and 3 genes; not evidence for shared operator,tool acceptance / structural breadth,retain as single-target boundary; do not count as operator replication,results/article_mining_20261003/barseq2_fixed/projection_map/function_model_zoo_summary.csv
barseq2_pooled_2021,20261005-v5-science-audited,derived_alias,pooled BARseq variant,Fig5 ED,"derived pooled contract, not independent replication",Supplement / QA,Does pooled preprocessing preserve structural mapping?,derived/pooled version of BARseq2; do not count as a second dataset.,,,derived,same biological source as BARseq2,adapter/cache QA,only use if pooled-vs-native sensitivity is needed,gxa alias/provenance
bugeon2022,20261005-v5-science-audited,independent_dataset,72 genes+state/visual function,Fig5,primary structured response-law anchor,Main,Can a shared molecularly organized response law outperform independent coordinate prediction?,exact 24D structured GAP R² 0.00927→0.01852; ΔSpearman +0.00944; ΔAUROC +0.00368; ΔAUPRC +0.00691; 4/4 held mice R² and AUROC wins. SIXTASK lowrank ΔR² +0.0190 with 49.7% parameter reduction.,A+,yes,4 mice,do not confuse with frozen foundation-forward test where raw genes outperform latent,Fig4 completion; Fig5 receptor timing programs; Fig6 sample efficiency,keep as Fig5 anchor and Fig6 sample-efficiency anchor,results/manuscript/fig5_exact_operator_replication_20261003/FIG5_ALL_DATASET_OPERATOR_CONTRACTS_MULTIMETRIC_20261003.csv
bugeon2022_dynamic,20261005-v5-science-audited,derived_contract,Bugeon-derived dynamic/visual response contract,Fig4/Fig5,derived mechanistic contract,ED,Which Bugeon response representation best exposes state/visual law?,derived from Bugeon2022; adds temporal/visual contract but not independent N.,B,contract-specific,same 4 mice,must not be counted as independent replication,dynamic/state/visual mechanism,retain only when the representation directly answers panel question,gxa specialized/dynamic adapter
bugeon2022_state_visual,20261005-v5-science-audited,derived_contract,Bugeon-derived dynamic/visual response contract,Fig4/Fig5,derived mechanistic contract,ED,Which Bugeon response representation best exposes state/visual law?,derived from Bugeon2022; adds temporal/visual contract but not independent N.,B,contract-specific,same 4 mice,must not be counted as independent replication,dynamic/state/visual mechanism,retain only when the representation directly answers panel question,gxa specialized/dynamic adapter
bugeon2022_visual,20261005-v5-science-audited,derived_contract,Bugeon-derived dynamic/visual response contract,Fig4/Fig5,derived mechanistic contract,ED,Which Bugeon response representation best exposes state/visual law?,derived from Bugeon2022; adds temporal/visual contract but not independent N.,B,contract-specific,same 4 mice,must not be counted as independent replication,dynamic/state/visual mechanism,retain only when the representation directly answers panel question,gxa specialized/dynamic adapter
campariseq2026,20261005-v5-science-audited,independent_dataset,1500 genes+single activity-history target,Boundary,single-target applicability boundary,Supplement / boundary,Can molecular state predict the one available activity-history target under held-fish validation?,single target; current held-group model-zoo does not provide stable predictive evidence. Fig4 completion is correctly N/A after capability hardening.,C,no,4 fish,one target means no BehLift/manifold completion; older huge negative R² values arose from variance-degenerate folds and should not headline,Fig6/tool scalability boundary,retain as single-target zebrafish boundary; do not force Fig4 completion,current inspect + integrity authority
carma_vta,20261005-v5-science-audited,private/configured_dataset,genes+VTA function (recovery-dir dependent),Tool/ future Fig4,native/private dataset route,Supplement / internal,Can the same pipeline consume the lab's recovery dataset?,adapter requires recovery_dir; no public zero-argument authority.,,pending,pending,not reproducible without configured recovery directory,native-tool validation,run only against frozen recovery directory and add held-animal authority when configured,gxa.adapters.carma_vta
celegans_atanas2023,20261005-v5-science-audited,independent_dataset,1800 genes+32 function+~97 connectivity,ED identity/readability + tool boundary,class-level identity/readability reference; not cross-identity molecular generalization,ED / tool validation,"Does molecular identity reconstruct functional manifolds, complete missing behavior, organize connectivity, and transfer across species?","CeNGEN genes held-animal median rho=0.698, but one-hot identity=0.870 and held-identity genes rho~0.001; prior strong connectivity prediction is identity-confounded.",B identity-level; cross-identity FAIL,yes,40 animals,CeNGEN expression and Cook connectome were attached at neuron-class level. Held-animal splits repeat the same identities and cannot establish unseen-identity molecular generalization.,Fig4 manifold/completion; Fig5 connectivity; Fig6 transfer,Retain for identity/readability and cross-species tool coverage; remove A+ cornerstone wording from Fig4-6.,results/manuscript/FIG5_STRUCTURAL_PROJECTION_AUTHORITY_V1_20261004.csv
celegans_dynamic,20261005-v5-science-audited,derived_contract,worm dynamic response contract,Fig4/5,derived temporal contract,ED,Does temporal response representation strengthen molecular-functional organization?,derived from same worm dataset; not independent N.,B,contract-specific,same animals,do not count independently,dynamic/time-scale ED,retain only for temporal mechanism panels,gxa dynamic adapter
chevee2018,20261005-v5-science-audited,independent_dataset,transcriptome+2 projection classes,Fig5,strong molecular-to-projection predictability and identity-structure replication,Main/ED,Can molecular state read out projection identity across held animals?,"Projection/connectivity Direct held-unit R2=0.677, Spearman=0.834; best shared=shared_fullrank, delta R2=-0.0000, delta Spearman=+0.0000; relation CI=1.000, q=0.001996.",A,yes,6 animals,Shared operator adds essentially nothing beyond already strong direct mapping; do not call this a shared-law gain.,projection breadth; relation-index evidence,"Place in structural breadth panel next to worm connectivity, MERGE-seq and Sorensen.",results/manuscript/FIG5_STRUCTURAL_PROJECTION_AUTHORITY_V1_20261004.csv
condylis2022,20261005-v5-science-audited,independent_dataset,6 genes+168 task responses,Fig4 boundary,saturation and sparse-panel boundary with correct end-to-end gating,ED boundary,When do measured functions leave little molecular headroom for completion?,best biological completion increment ~+0.0013; native function-only information is near-saturated; shared operator rank/AUC often worsens.,B-,boundary-consistent,9 animals,"Fig2 AtlasLift works, but Fig3 fixed-budget, Fig4 conditional completion and Fig5 operator do not provide robust positive support; Fig6/7 are correctly preflight/gate blocked.",AtlasLift positive; saturation boundary; end-to-end stop validation,Keep as explicit boundary; never lower coverage/readiness thresholds to force later stages.,results/manuscript/FIG123_TO_FIG47_END2END_AUTHORITY_20261003.csv
condylis_dynamic,20261005-v5-science-audited,derived_contract,Condylis dynamic contract,Fig4/5 ED,derived temporal contract,ED,Does task timing change molecular-function relation?,derived from Condylis; not independent dataset count.,C+,contract-specific,same animals,same source as Condylis,temporal sensitivity,keep only if needed for timing mechanism,gxa dynamic adapter
flicre2020,20261005-v5-science-audited,independent_dataset,1500 genes+2 activity-history axes,Fig4/Fig5 boundary,genes carry activity-axis information but add no conditional rescue or shared multivariate law,ED boundary,Can genes add unique information once the paired functional history variable is known?,"Fig5 direct operator R2=0.027, Spearman=0.231, with 3/3 folds positive; shared operator is identical. Fig4 function-only prediction is already strong and joint genes reduce/leave unchanged conditional performance.",B boundary,"absolute rank signal, no shared gain",3 sessions,"Acquisition holdout is session-level. Genes-alone predict part of the activity-history axis, but that does not mean genes add unique information after the paired functional axis is known.",conditional-completion boundary; function-map/operator breadth,Use to explain genes-only predictability versus conditional molecular rescue as distinct questions.,results/manuscript/FIG4_7_GAPFILL_AUTHORITY_V1_20261004.csv
fly_flyvis,20261005-v5-science-audited,independent_dataset,"function/projectome, no genes",Applicability boundary,non-molecular comparator,Supplement,What can the framework do when molecular coordinates are absent?,no gene block; molecular analyses correctly N/A.,,,no molecular held-unit inference,cannot support gene→function claims,applicability boundary,retain as no-gene boundary / function-only resource,public inspect
fly_turner2021,20261005-v5-science-audited,independent_dataset,"function, no genes",Applicability boundary,non-molecular comparator,Supplement,What can the framework do when molecular coordinates are absent?,no gene block; gene-based branches correctly blocked.,,,20 animals but no genes,not a molecular-functional dataset,applicability boundary,retain as no-gene boundary,public inspect
habenula_dandi000302,20261005-v5-science-audited,independent_dataset,2 markers+108 response bins,Fig4 ED,manifold/subspace breadth plus completion boundary,ED,Can extremely sparse molecular labels organize response geometry?,"10-system manifold: latent rho ~0.017 / weak global geometry; biological completion molecular increment ~0, with other-function rank/AUC often strong.",C+,boundary,12 animals,only 2 molecular markers; not suited to rich gene-program inference,tagged subspace/dynamic evidence bank,keep as sparse-marker boundary demonstrating panel-resolution dependence,results/fig4_full_runs_20261003/habenula_dandi000302/functional_completion/completion_opportunity.csv
hashikawa2020,20261005-v5-science-audited,independent_reference,transcriptome+sample shock/control/IEG; no cell-level activity,Reference/boundary,"context/reference resource, not matched function dataset",Supplement,Can this study supply matched cell-level molecular-function evidence?,author QC reconstructable; no deposited cell-level activity match.,,,sample-level only,do not force into Fig4/5 cell-level claims,reference/context support,use only for transcriptomic context/reference or exclusion rationale,results/hashikawa2020_reference/summary.csv
huang2020_bricseq,20261005-v5-science-audited,independent_dataset,153 genes+84 projection endpoints,Fig5 ED,projection/operator boundary,ED boundary,"How much projection structure is molecularly readable, and does a shared operator help?","Projection/connectivity Direct held-unit R2=-0.229, Spearman=0.113; best shared=shared_fullrank, delta R2=-0.3536, delta Spearman=-0.0110; relation CI=1.000, q=1.",B-,mixed,8 animals,Public held-unit operator is negative; retain previously observed native rank signal only under its original contract.,structural boundary,Keep as boundary demonstrating that projection signal does not imply a transferable/shared operator.,results/manuscript/FIG5_STRUCTURAL_PROJECTION_AUTHORITY_V1_20261004.csv
liu2020_fist,20261005-v5-science-audited,independent_dataset,large transcriptome+single target; no biological groups,Applicability boundary,no-held-unit inference boundary,Supplement,Can the result support biological-unit generalization?,no valid biological grouping; inferential held-unit analyses correctly N/A.,,,no biological groups,cannot support held-animal generalization,ingestion/provenance,retain as group-structure boundary,public inspect
mergeseq2024,20261005-v5-science-audited,independent_dataset,2000 genes+5 projection barcodes,Fig5,multi-target molecular-to-projection structural breadth,Main/ED,Are multi-target projection endpoints molecularly predictable?,"Projection/connectivity Direct held-unit R2=0.222, Spearman=0.506; best shared=shared_fullrank, delta R2=+0.0015, delta Spearman=-0.0196; relation CI=0.000, q=1.",A-,yes,4 animals,"Direct projection predictability is real; relation index is null and shared operator is mixed, so do not claim discrete identity structure or universal shared law.",projection-map breadth,"Use as structural predictability breadth, not as a shared-law or relation-index positive.",results/manuscript/FIG5_STRUCTURAL_PROJECTION_AUTHORITY_V1_20261004.csv
microns,20261005-v5-science-audited,registered_build_adapter,connectomics/activity build route,Fig1/Fig4 structural-only,session-held structural/function geometry stress test with correct molecular-stage N/A routing,ED / tool boundary,Can GAP ingest cell-resolved connectomics/function at scale?,"24,713 EM neurons; session-held space and RF geometry are predictive, but there is no transcriptomic gene block and only one animal.",B+ structural; N/A molecular,structural only,13 acquisition sessions; one animal,Never call session-held results cross-animal; molecular Fig2/3/5/6/7 are scientifically N/A.,connectomics stress test; applicability boundary,Use to demonstrate that GAP knows when to stop rather than fabricating molecular claims.,results/manuscript/FIG123_TO_FIG47_END2END_AUTHORITY_20261003.csv
neuroplex2026,20261005-v5-science-audited,independent_dataset,"projectome/function, no genes",Fig4 ED,non-transcriptomic manifold comparator,ED,Can structural identity alone preserve local functional geometry?,"10-system manifold comparator: latent rho ~0.020, geometry rho ~0.011; no transcriptomic block.",C,boundary,5 animals,not evidence for gene→function mapping,projectome comparator,"retain as non-transcriptomic comparator, not molecular claim",results/manuscript/fig234_integration_20261002/FIG4_MANIFOLD_BREADTH_10DATASETS_20261002.csv
nuctag2026,20261005-v5-science-audited,independent_population_dataset,population RNA libraries+place recurrence label,Supplement,population-level feasibility,Supplement,Can the toolkit ingest function-defined population transcriptomes?,"8 population libraries; explicitly population-level, not matched single-cell data.",C,limited,8 libraries,very small N and pooled/tagged nuclei libraries,tool breadth / external validation,do not use as core single-cell evidence; keep provenance explicit,gxa.adapters.nuctag2026
nuctag2026_place_silent,20261005-v5-science-audited,derived_alias,population RNA place-vs-silent alias,Supplement,derived population contrast,Supplement,Does alternate NuCTag contrast run through the same adapter?,9 libraries; alias of nuctag2026 place_silent experiment.,C,limited,9 libraries,same source family; not independent replication,alias/cache QA,do not count separately; use only if contrast is specifically discussed,gxa static alias
photseq2019,20261005-v5-science-audited,independent_dataset,"1500 genes+single target, vomeronasal epithelium",Fig6 boundary,anatomical/provenance exclusion,ED,Should a molecular dataset be forced into VISp foundation transfer?,"No: tissue is vomeronasal sensory epithelium, not VISp; explicit exclusion retained.",B,provenance-supported,17 animals,wrong-anatomy inclusion would create a false transfer test,Fig6 applicability boundary,keep as positive example of anatomical guardrails,Fig6 authority
shainer2025,20261005-v5-science-audited,independent_dataset,9 genes+visual function+space,Fig4 ED,spatial-coordinate and sparse-panel boundary,ED,When does anatomy/spatial position carry more function than a sparse molecular panel?,space Spearman ~0.261; BehLift increment only ~0.001; manifold/AtlasLift effects weak or mixed; native classical prediction can outperform foundation.,B,mixed,6 fish,sparse 9-gene panel; do not force operator/foundation win,Fig6 native-model boundary,use as spatial-coordinate counterexample and sparse-panel limit,results/highlevel_validated_fig45_core_20261003/shainer2025/functional_completion/completion_opportunity.csv
sorensen2026,20261005-v5-science-audited,independent_dataset,5 genes+ephys latent+20 projection PCs,Fig4 + Fig5,strong independent functional-completion plus shared structural-law replication,Main/ED,Can a low-dimensional molecular panel support structured ephys and projection laws in a distinct dataset?,"Function: completion delta R2 +0.0777, delta Spearman +0.451, delta AUROC +0.273; low-rank functional operator multimetric replication. Structural: Projection/connectivity Direct held-unit R2=0.246, Spearman=0.363; best shared=shared_fullrank, delta R2=+0.0245, delta Spearman=+0.0156; relation CI=0.667, q=0.003984.",A,yes,function: 5 grouped folds; projection relation: 74 units,Function and projection are separate endpoint contracts; functional Fig7 is directional-ready but current perturbation fixture has zero overlap with the five Sorensen genes.,Fig4 completion; Fig5 function operator; Fig5 projection law; directional-ready deployment,Use as strongest independent dual-domain replication; keep structural and functional claims separated.,results/manuscript/FIG5_STRUCTURAL_PROJECTION_AUTHORITY_V1_20261004.csv
wang2023_cea_easifish,20261005-v5-science-audited,independent_dataset,29 genes+single activity axis,Fig5 ED,two-animal sparse-panel projection operator boundary,ED boundary,Can low-dimensional molecular measurements be routed through function-map tools?,"Direct projection R2=-0.098, Spearman=0.053; selected RRR delta R2=+0.091 but absolute R2 remains negative and delta Spearman=-0.035; relation q=1.000.",C+ boundary,no,2 animals,Only two animals; an R2 rescue from a worse negative baseline is not sufficient when absolute R2 stays negative and rank/AUC do not improve.,structural operator applicability boundary,Keep as sparse-panel/two-animal boundary; do not promote RRR delta R2 alone.,results/manuscript/FIG4_7_GAPFILL_AUTHORITY_V1_20261004.csv
warp2026,20261005-v5-science-audited,independent_dataset,41 genes+33 function; zebrafish,Fig4 + Fig5 + Fig6,cross-species and dynamic-geometry cornerstone,Main,Can molecular state organize dynamic behavior manifolds and transfer across species/cohorts?,"BehLift OMR-backward ΔR² +0.0145, ΔSpearman +0.0141, held R² wins 3/3; D2 AtlasLift×BehLift ΔR² +0.02478, p=0.0099. Dynamic gene-combo cross-animal geometry 0.643. Fig6 contextual TF improves Spearman by ~0.128 paired; mouse→fish 15/15 task×fish ΔR² positive.",A+,yes,3 fish + cross-cohort/cross-species,static exact manifold amplitude is weak; dynamic/contextual representation is the stronger result,Fig5 transmitter temporal program; Fig6 transfer,keep as central Fig2→4→5→6 bridge,results/highlevel_validated_fig45_core_20261003/warp2026/functional_completion/completion_opportunity.csv
warp_dynamic,20261005-v5-science-audited,derived_contract,WARP frame-level dynamic contract,Fig4/Fig6,derived dynamic geometry contract,ED/Main mechanism,Does temporal neural-state geometry reveal stronger conservation than static summaries?,cross-animal dynamic geometry is strong; same WARP biological dataset.,A-,yes,same 3 fish,"derived contract, not independent dataset count",dynamic mechanism / contextual transfer,retain as representation-specific mechanism,gxa dynamic adapter
xu2020,20261005-v5-science-audited,independent_dataset,9 genes+286 response bins / 11 biological states,Fig4 + Fig5,conditional completion and operator cornerstone,Main,Does sparse molecular state add unique state information and support a shared response law?,"Ghrelin BehLift ΔR² +0.0639, ΔSpearman +0.0399, ΔAUROC +0.0273; held 2/3. Raw operator Direct 0.0893→shared 0.0997, with rank/AUC/AUPRC gains.",A,yes,3 animals,"small N; AtlasLift increments are state-dependent, not universal",Fig4 manifold; Fig5 receptor program; Fig6 efficiency/boundary,retain as key mouse hypothalamic replication,results/highlevel_validated_fig45_xu_profiled_20261003/functional_completion/completion_opportunity.csv
yalevagus2022_surrogate,20261005-v5-science-audited,surrogate_dataset,21 genes+4 surrogate endpoints,Supplement,mapping/surrogate feasibility only,Supplement,Can a tiny surrogate endpoint table exercise mapping logic?,N=11 with no valid biological groups for inference.,,,no held-unit inference,"surrogate, not primary published joint dataset",tool QA,do not use for biological headline,public inspect
zhang2021_mop_retromerfish,20261005-v5-science-audited,unavailable_joint_dataset,published molecular/projection concept; missing deposited projection subset,Boundary,data-availability provenance boundary,Supplement / provenance,Can the claimed joint projection-labeled subset be reconstructed from public deposits?,No: required retrograde-CTb projection-labeled subset is not in the referenced BIL deposit.,,,unavailable,"absence is source-data availability, not a negative biological result",provenance/audit,keep explicit; do not substitute unrelated data,adapter NotImplemented authority
zhao2026,20261005-v5-science-audited,independent_dataset,30 genes+visual function+space+67 projections,Fig6 transfer + native Fig1 boundary,same-species transfer anchor; native coordinate-gain absolute-null boundary,Main Fig6 / ED tool,"Can molecular representation transfer to another mouse visual dataset, and can one table exercise all GAP domains?","Native Fig1: type rho=-0.065, connectivity rho=0.054, delta=+0.119. Connectivity absolute rho does not exceed within-animal response-shuffle null (p=0.172; null p95=0.090); native R2=-0.232.",A Fig6 transfer pending transfer-null audit; native Fig1 boundary,transfer positive; native projection mixed,9 mice,Relative rescue from a negative type baseline is not sufficient. Native Zhao is not a positive Fig1 replication; preserve only independent transfer claims that pass their own target-only/ortholog nulls.,Fig3 panel direction; native projection rank-structured boundary; trimodal tool acceptance; Fig6 claim-gate stress test,Keep native Zhao as boundary; rerun/qualify Zhao-to-Bugeon transfer with target-only and ortholog-permutation baselines.,results/manuscript/FIG4_7_GAPFILL_AUTHORITY_V1_20261004.csv
human_intrinsic_ephys,20261005-v5-science-audited,external_evidence_scope,human intrinsic ephys+matched molecular programs,Fig6,cross-species human endpoint,Main/ED,Does mouse-learned molecular-functional structure reach human neuronal physiology?,"FullContext mean rho 0.0651; 15/18 targets positive; target-donor CI [0.025,0.097], p=0.0018. Strict source-donor CI crosses zero, so source composition remains uncertainty.",A-,yes,donor-aware,human endpoint is intrinsic ephys only; source-donor uncertainty must remain explicit,Fig6 conservation,retain target-donor positive + strict-source uncertainty together,results/fig6_master_v51_20261002/FIG6_MASTER_AUTHORITY_V51.md
whole_brain_perturbseq,20261005-v5-science-audited,external_evidence_scope,whole-brain CRISPR Perturb-seq+70 GAP genes+23 contexts,Fig7,prospective intervention-design engine,Main,Can distributed molecular perturbation responses nominate selective functional experiments?,439 perturbations across all 23 contexts: molecular interaction 75.81%; after frozen GAP functional interaction 85.48%. Target-only vs network-aware perturbation cosine median ~−0.34. Context-discordant examples reach cosine ~−0.97.,A for design law,"yes, descriptive/falsification metrics",439 balanced perturbations ×23 contexts,prospective nomination only; missing-edge global R² ~0 and simple low-rank residual models fail,Fig7 causal-design bridge,link nomination coordinates explicitly to Fig5 functional/structural response laws; keep causal validation as future experiment,results/manuscript/FIG7_PERTURBGAP_AUTHORITY_20261001.md
mclachlan2025,20261005-v5-science-audited,independent_dataset,23 genes + 115 functional summaries + 4 animals,Fig1/Fig2 reference-budget interaction; later-stage boundary,"reference-selection stress test showing anatomy match, panel budget and selector interact",ED / tool acceptance,Can an external small-panel multi-functional dataset pass AtlasLift and later GAP stages without same-axis leakage or forced transfer?,"Matched K={5,10,15,20,23}: PERI/ECT exact function-geometry supports K20/K23, while ABC whole-brain also supports several K under atlas-variance; exact reference is not uniformly superior.",B reference-QC; no universal exact-reference superiority,mixed,4 animals,Never compare references at different K. Three valid held-unit folds limit biological-unit inference; random-panel p-values are conditional nulls.,Fig1-3 integration; Fig4 profile regression; Fig5/6/7 stop validation,Replace old exact-vs-wholebrain headline with matched-K reference x selector curve.,results/manuscript/FIG123_TO_FIG47_END2END_AUTHORITY_20261003.csv
