dataset,target,other_function_axis,held_session,model,n_train,n_test,held_spearman,held_r2,chosen_alpha,n_gene_features,pca_gene_components,outer_fold
flicre2020,feat__activity_history_positive,feat__activity_history,lib1,history_only,8908,2717,0.9999614352448224,0.7267986415522572,100.0,1500,32,0
flicre2020,feat__activity_history_positive,feat__activity_history,lib1,genes_only_PCA32,8908,2717,0.1697151978696995,0.0088624933458869,1000.0,1500,32,0
flicre2020,feat__activity_history_positive,feat__activity_history,lib1,history_plus_genes_PCA32,8908,2717,0.2874208996180394,0.7496430337221547,100.0,1500,32,0
flicre2020,feat__activity_history_positive,feat__activity_history,lib2,history_only,4998,6627,0.997689015534522,0.7110185719956514,1000.0,1500,32,1
flicre2020,feat__activity_history_positive,feat__activity_history,lib2,genes_only_PCA32,4998,6627,0.2296963214631601,-0.0028360779635743,1000.0,1500,32,1
flicre2020,feat__activity_history_positive,feat__activity_history,lib2,history_plus_genes_PCA32,4998,6627,0.6210042320993046,0.7086433917149202,1000.0,1500,32,1
flicre2020,feat__activity_history_positive,feat__activity_history,lib3,history_only,9344,2281,0.999566298155102,0.6864429958484379,100.0,1500,32,2
flicre2020,feat__activity_history_positive,feat__activity_history,lib3,genes_only_PCA32,9344,2281,0.2140886985616993,0.004211129856081,1000.0,1500,32,2
flicre2020,feat__activity_history_positive,feat__activity_history,lib3,history_plus_genes_PCA32,9344,2281,0.4524178934065928,0.6809664005364193,100.0,1500,32,2
flicre2020,feat__activity_history,feat__activity_history_positive,lib1,history_only,8908,2717,0.9999614352448224,0.7581138385418551,3.1622776601683795,1500,32,0
flicre2020,feat__activity_history,feat__activity_history_positive,lib1,genes_only_PCA32,8908,2717,0.1539829071685869,0.0176100991396284,1000.0,1500,32,0
flicre2020,feat__activity_history,feat__activity_history_positive,lib1,history_plus_genes_PCA32,8908,2717,0.2874144029367216,0.7606361818062363,31.622776601683796,1500,32,0
flicre2020,feat__activity_history,feat__activity_history_positive,lib2,history_only,4998,6627,0.997689015534522,0.7403019714631252,10.0,1500,32,1
flicre2020,feat__activity_history,feat__activity_history_positive,lib2,genes_only_PCA32,4998,6627,0.2375382468401878,0.0096311015961262,3162.2776601683795,1500,32,1
flicre2020,feat__activity_history,feat__activity_history_positive,lib2,history_plus_genes_PCA32,4998,6627,0.6204384672417211,0.7400012344636989,100.0,1500,32,1
flicre2020,feat__activity_history,feat__activity_history_positive,lib3,history_only,9344,2281,0.999566298155102,0.6900199831275409,3.1622776601683795,1500,32,2
flicre2020,feat__activity_history,feat__activity_history_positive,lib3,genes_only_PCA32,9344,2281,0.1971801559848171,0.035494905868205,1000.0,1500,32,2
flicre2020,feat__activity_history,feat__activity_history_positive,lib3,history_plus_genes_PCA32,9344,2281,0.4522581618929923,0.6939973593662286,10.0,1500,32,2
