target,gene,rho_group_mean,rho_group_median,sign_consistency,n_groups,score
func__pumping,B0280.17,-0.18075799881281532,-0.21045771415118358,0.825,40,0.14912534902057262
func__pumping,cpd-1,-0.15486792612957526,-0.1700535724962795,0.9,40,0.13938113351661774
func__pumping,F20D6.2,-0.15236907878962863,-0.17770750521794917,0.9,40,0.13713217091066576
func__pumping,T14B4.5,0.15174421170432315,0.16506186404179374,0.875,40,0.13277618524128276
func__pumping,H34I24.2,-0.13400454092325007,-0.14965482251997897,0.875,40,0.1172539733078438
func__pumping,C30G12.6,-0.1442995385352329,-0.18387240920237008,0.8,40,0.11543963082818631
func__pumping,Y116F11A.1,-0.12285628493852843,-0.11104435560904183,0.925,40,0.1136420635681388
func__pumping,fog-1,-0.13647316244167257,-0.1622760782136522,0.825,40,0.11259035901437986
func__pumping,perm-5,-0.1370604032535271,-0.1372715952721864,0.8,40,0.1096483226028217
func__pumping,T21D12.11,0.1205223481889542,0.12407359453725561,0.9,40,0.10847011337005878
func__pumping,C54E4.5,0.137320708840069,0.1759933756671618,0.775,40,0.10642354935105348
func__pumping,Y18D10A.11,-0.1271107010809928,-0.16067813135464426,0.825,40,0.10486632839181904
func__pumping,F15A4.2,0.13027776297356983,0.17984532134556466,0.8,40,0.10422221037885587
func__pumping,prx-3,-0.1247684923694458,-0.1540962572097968,0.825,40,0.10293400620479277
func__pumping,F21A3.3,0.12079962798097195,0.12967409017682174,0.85,40,0.10267968378382615
func__pumping,srbc-39,-0.11633275032497961,-0.1591574605806113,0.875,40,0.10179115653435716
func__pumping,C03B1.4,0.12257273224384722,0.16903085094570333,0.825,39,0.10112250410117396
func__pumping,C37C3.7,0.12257273224384722,0.16903085094570333,0.825,39,0.10112250410117396
func__pumping,C49A9.9,0.12257273224384722,0.16903085094570333,0.825,39,0.10112250410117396
func__pumping,F09C6.3,0.12257273224384722,0.16903085094570333,0.825,39,0.10112250410117396
func__pumping,hsp-43,-0.11943371099117994,-0.1332175011340109,0.825,40,0.09853281156772345
func__pumping,cpb-3,-0.11173081354274035,-0.11280321916082778,0.875,40,0.0977644618498978
func__pumping,sre-56,-0.11451351924310602,-0.1451436085797005,0.85,40,0.09733649135664012
func__pumping,Y111B2A.1,-0.12555803367613974,-0.1764484543037075,0.775,40,0.0973074760990083
func__pumping,C14A4.9,-0.11667112506208348,-0.14567676333376275,0.825,39,0.09625367817621887
func__pumping,F23F12.8,0.11617901112414085,0.16623984633884206,0.825,39,0.0958476841774162
func__pumping,srh-134,-0.11597880205878888,-0.1421208474385972,0.825,39,0.09568251169850082
func__pumping,B0507.5,-0.11587677924830875,-0.1421208474385972,0.825,39,0.0955983428798547
func__pumping,C09B8.3,-0.11587677924830875,-0.1421208474385972,0.825,39,0.0955983428798547
func__pumping,let-381,-0.11587677924830875,-0.1421208474385972,0.825,39,0.0955983428798547
func__pumping,C46A5.1,-0.12741754351012813,-0.20617316475401676,0.75,40,0.0955631576325961
func__pumping,htp-1,-0.12305653051408653,-0.163656641709869,0.775,40,0.09536881114841707
func__pumping,tag-290,0.11833112529911428,0.16903085094570333,0.8,39,0.09466490023929143
func__pumping,C05E11.2,-0.12193889911990848,-0.1784160262469281,0.775,40,0.09450264681792907
func__pumping,T13C5.3,-0.117809973974636,-0.10620280924240866,0.8,40,0.0942479791797088
func__pumping,C48A7.9,-0.12117045207023969,-0.1116970062106191,0.775,40,0.09390710035443577
func__pumping,apx-1,-0.10382522191342022,-0.10125492678805757,0.9,40,0.0934426997220782
func__pumping,oma-2,-0.1175337134040519,-0.17084336418163984,0.775,40,0.09108862788814022
func__pumping,T09B9.1,-0.11336105475229197,-0.12920431834041196,0.8,40,0.09068884380183358
func__pumping,col-73,-0.11320186667724963,-0.10110100452429562,0.8,40,0.0905614933417997
func__pumping,K07A1.6,-0.10619825014593953,-0.11284938349877548,0.85,40,0.0902685126240486
func__pumping,Y37H2A.12,-0.11993719159880409,-0.1870674664939762,0.75,40,0.08995289369910306
func__pumping,T26H5.9,-0.11198132293081557,-0.15594576571835977,0.8,38,0.08958505834465247
func__pumping,C49C8.1,0.10847085877680777,0.09275753117176522,0.825,40,0.08948845849086641
func__pumping,B0507.4,-0.10490006806801397,-0.13248811728982418,0.85,40,0.08916505785781187
func__pumping,lrg-1,-0.11655671367384793,-0.18211297507673402,0.75,40,0.08741753525538595
func__pumping,zhp-3,-0.10891478254211925,-0.13938037190167188,0.8,40,0.0871318260336954
func__pumping,Y71F9B.15,-0.11040042505151972,-0.14551425562824388,0.775,37,0.08556032941492778
func__pumping,srd-3,-0.09958826203899912,-0.10649181652897889,0.85,38,0.08465002273314925
func__pumping,ZK418.13,-0.1046572620437867,-0.14131997404330982,0.8,40,0.08372580963502936
func__pumping,srz-58,-0.10455164496420721,-0.13309183000477892,0.8,40,0.08364131597136577
func__pumping,F52C6.2,-0.10762380034903891,-0.15518022389096803,0.775,40,0.08340844527050516
func__pumping,ZC581.7,-0.11404459039854045,-0.14732960302473355,0.725,40,0.08268232803894182
func__pumping,srh-212,-0.10309663140113069,-0.1309005865362758,0.8,38,0.08247730512090456
func__pumping,sri-31,-0.10309663140113069,-0.1309005865362758,0.8,38,0.08247730512090456
func__pumping,ZK673.1,-0.10994065043175844,-0.14798283103675408,0.75,36,0.08245548782381883
func__pumping,spp-23,-0.11278031329082731,-0.17313278827312212,0.725,40,0.0817657271358498
func__pumping,Y43F8C.24,-0.10868934220222955,-0.15262008871796515,0.75,35,0.08151700665167216
func__pumping,C08G5.1,-0.10868934220222955,-0.15262008871796515,0.75,35,0.08151700665167216
func__pumping,fard-1,-0.10868934220222955,-0.15262008871796515,0.75,35,0.08151700665167216
func__pumping,fbxa-105,-0.10868934220222955,-0.15262008871796515,0.75,35,0.08151700665167216
func__pumping,F36H5.4,-0.10868934220222955,-0.15262008871796515,0.75,35,0.08151700665167216
func__pumping,math-28,-0.10868934220222955,-0.15262008871796515,0.75,35,0.08151700665167216
func__pumping,zak-1,-0.1015880388937255,-0.1392921815792747,0.8,40,0.0812704311149804
func__pumping,srg-38,0.10155899472044028,0.16623984633884206,0.8,39,0.08124719577635223
func__pumping,him-10,-0.09831049739861146,-0.10311096004302492,0.825,40,0.08110616035385446
func__pumping,T04F8.7,-0.10331864907287702,-0.15412934078692364,0.775,40,0.0800719530314797
func__pumping,H32C10.1,-0.10314731397024587,-0.10747290358885928,0.775,40,0.07993916832694055
func__pumping,ZK673.6,-0.09975628471066286,-0.12556615334913412,0.8,40,0.0798050277685303
func__pumping,ZK430.5,-0.09665439865476921,-0.09693422266143858,0.825,40,0.07973987889018459
func__pumping,str-56,-0.09934718129202143,-0.12950506246289908,0.8,40,0.07947774503361715
func__pumping,Y7A5A.10,-0.10577903928440921,-0.17285670363431438,0.75,40,0.0793342794633069
func__pumping,C53D6.10,-0.11753141030742256,-0.1812229937516765,0.675,40,0.07933370195751023
func__pumping,Y119D3B.10,-0.10176898880548772,-0.14332877241929548,0.775,40,0.07887096632425299
func__pumping,nspd-10,-0.10861136294612013,-0.15415159698660658,0.725,40,0.07874323813593709
func__pumping,K04A8.10,-0.09520016516944305,-0.09172566075260498,0.825,40,0.0785401362647905
func__pumping,F31B9.3,-0.10443788683564778,-0.15956564265132728,0.75,40,0.07832841512673583
func__pumping,C15H11.16,-0.1003506781889583,-0.11282004310094378,0.775,40,0.07777177559644269
func__pumping,T27E7.10,-0.10712221000640394,-0.18043548145859373,0.725,40,0.07766360225464286
func__pumping,C23H5.12,-0.10706733013990481,-0.17912585009681042,0.725,40,0.07762381435143098
func__pumping,F22F7.8,-0.10596391989154792,-0.15262008871796515,0.725,35,0.07682384192137225
func__pumping,T23B12.5,-0.10585205584476651,-0.15262008871796515,0.725,35,0.07674274048745572
func__pumping,K02E2.5,-0.08714242508653545,-0.0731446691036487,0.875,40,0.07624962195071852
func__pumping,C41D11.6,-0.10889330573420108,-0.18839118206932493,0.7,40,0.07622531401394075
func__pumping,T24C2.5,-0.1015762247996425,-0.15914700268020682,0.75,40,0.07618216859973187
func__pumping,B0228.8,0.09220420151146701,0.1226075675884968,0.825,40,0.07606846624696027
func__pumping,dhp-1,-0.09681101211614476,-0.09496278791047555,0.775,40,0.0750285343900122
func__pumping,linc-82,0.10199304533329268,0.1075493361228737,0.725,40,0.07394495786663718
func__pumping,C16C8.18,-0.0922144773304227,-0.08600334476144603,0.8,39,0.07377158186433817
func__pumping,F53G2.2,-0.10169953899497722,-0.11297105281137951,0.725,40,0.07373216577135848
func__pumping,C30F12.4,-0.10128268208112808,-0.14267081967255224,0.725,40,0.07342994450881785
func__pumping,R12B2.6,-0.09451413772328307,-0.09780487382771774,0.775,40,0.07324845673554438
func__pumping,ZK1010.6,-0.10098970898841172,-0.16106981350898586,0.725,40,0.0732175390165985
func__pumping,T11F8.5,-0.10097908340920206,-0.16106981350898586,0.725,40,0.0732098354716715
func__pumping,C03A7.2,-0.10097908340920206,-0.16106981350898586,0.725,40,0.0732098354716715
func__pumping,C16C8.5,-0.10097908340920206,-0.16106981350898586,0.725,40,0.0732098354716715
func__pumping,C25G6.3,-0.0972176074498271,-0.105732206612687,0.75,39,0.07291320558737033
func__pumping,C06B8.7,-0.09684789255934731,-0.1406308682633276,0.75,40,0.07263591941951048
func__pumping,rmh-2,-0.09326272597400394,-0.10155778615060751,0.775,40,0.07227861262985305
func__pumping,T12A2.6,-0.10303857692336489,-0.15983332853803817,0.7,34,0.07212700384635543
func__reversal,let-653,0.33122394330431953,0.34179826585460826,1.0,40,0.33122394330431953
func__reversal,Y64G10A.2,0.29795267506756684,0.30899477867482344,1.0,40,0.29795267506756684
func__reversal,F38A6.5,0.2777390008006115,0.27594343401240096,1.0,40,0.2777390008006115
func__reversal,ZK455.5,0.2673278356164683,0.27084758308453694,1.0,40,0.2673278356164683
func__reversal,F23A7.1,0.270574074117455,0.2895116934234508,0.975,40,0.2638097222645186
func__reversal,F29C4.3,0.25791118529810925,0.2514255283002157,1.0,40,0.25791118529810925
func__reversal,R11H6.4,0.25784116718150585,0.26645021154275783,1.0,40,0.25784116718150585
func__reversal,C30B5.17,0.2475944283064802,0.2614818190668279,1.0,40,0.2475944283064802
func__reversal,sfxn-1.1,0.24666472874120463,0.24752638250805414,1.0,40,0.24666472874120463
func__reversal,ulp-5,0.24319186590093084,0.23930381851982013,1.0,40,0.24319186590093084
func__reversal,ZK550.5,0.24259548874537434,0.2441078128688724,1.0,40,0.24259548874537434
func__reversal,F13G3.3,0.24078894374924215,0.24775751168212234,1.0,40,0.24078894374924215
func__reversal,zig-9,0.22725574288224393,0.212068525012363,1.0,40,0.22725574288224393
func__reversal,hmg-3,0.2309633678492859,0.22337095634717452,0.975,40,0.22518928365305374
func__reversal,oac-46,0.2244640047147047,0.21305867897956848,1.0,40,0.2244640047147047
func__reversal,T14B4.5,0.2222671406991204,0.22315749549088768,1.0,40,0.2222671406991204
func__reversal,Y74C9A.1,0.22721044148732522,0.24554518806661407,0.975,40,0.22153018045014208
func__reversal,D2005.7,0.22700574640700158,0.2363130278977389,0.975,40,0.22133060274682653
func__reversal,F39F10.4,0.2171315541283197,0.23128784235345753,1.0,40,0.2171315541283197
func__reversal,21ur-10093,0.2217252323900222,0.22026841026086957,0.975,40,0.21618210158027165
func__reversal,srh-217,0.21820802200561226,0.2425408417934142,0.975,40,0.21275282145547195
func__reversal,sra-1,0.21794434552640585,0.2425408417934142,0.975,40,0.2124957368882457
func__reversal,Y40C7B.4,0.21072909994306518,0.2123307325647284,1.0,40,0.21072909994306518
func__reversal,R04B5.7,0.22010132711289207,0.2164342008717733,0.95,38,0.20909626075724747
func__reversal,T12G3.6,-0.20758601264156984,-0.20617121331999477,1.0,40,0.20758601264156984
func__reversal,col-172,0.2053923466886259,0.21727588186946575,1.0,40,0.2053923466886259
func__reversal,C49C8.2,0.2096652032967084,0.21112545124412324,0.975,40,0.2044235732142907
func__reversal,osr-1,0.2129602964867001,0.21687374283537877,0.95,38,0.2023122816623651
func__reversal,str-96,0.20740185703427771,0.22181930198522962,0.975,39,0.20221681060842076
func__reversal,spp-21,0.19983009711218572,0.2072697369727673,1.0,40,0.19983009711218572
func__reversal,M05B5.1,0.20491525169202934,0.2117403458825397,0.975,40,0.1997923703997286
func__reversal,ZK622.1,0.2023034927462554,0.22670534897643002,0.975,40,0.197245905427599
func__reversal,C01B10.6,-0.19704814391071332,-0.1906729558085773,1.0,40,0.19704814391071332
func__reversal,C12D8.21,0.20177150046256367,0.21543965220805505,0.975,40,0.19672721295099957
func__reversal,col-132,0.20123355322223108,0.22305163866731145,0.975,40,0.1962027143916753
func__reversal,srj-14,0.20080037979052512,0.20936138191219983,0.975,40,0.19578037029576198
func__reversal,K10C9.7,-0.20588662280099387,-0.19780211022761288,0.95,38,0.19559229166094416
func__reversal,Y45F10A.7,-0.20016701574408416,-0.2149240227268805,0.975,40,0.19516284035048206
func__reversal,inx-22,-0.1998314617723272,-0.19729980014003023,0.975,40,0.194835675228019
func__reversal,cyp-29A1,-0.19451897535868332,-0.18939106952966356,1.0,40,0.19451897535868332
func__reversal,tyr-4,0.19839720214762183,0.19868421422891855,0.975,40,0.19343727209393127
func__reversal,rnst-2,0.20329944015789175,0.21112880868018247,0.95,40,0.19313446814999716
func__reversal,T10E9.14,0.19198464167603896,0.1906075847806236,1.0,40,0.19198464167603896
func__reversal,gap-3,-0.19160390384666826,-0.1783682743842235,1.0,40,0.19160390384666826
func__reversal,F36H12.5,0.19942889175066683,0.2062695789833622,0.95,38,0.18945744716313348
func__reversal,Y67A6A.1,0.19942889175066683,0.2062695789833622,0.95,38,0.18945744716313348
func__reversal,msp-52,0.19784325957506008,0.2062695789833622,0.95,38,0.18795109659630707
func__reversal,T03G11.9,0.1924674890819703,0.1955518143511618,0.975,40,0.18765580185492106
func__reversal,C37C3.10,0.1921019534242634,0.19995663742984046,0.975,40,0.1872994045886568
func__reversal,D2021.4,0.190277561534211,0.2053422111067895,0.975,40,0.1855206224958557
func__reversal,K02F6.6,0.1942716706463964,0.20068667446422198,0.95,38,0.18455808711407656
func__reversal,C54F6.18,-0.18215968148058245,-0.1741112201012976,1.0,40,0.18215968148058245
func__reversal,T05F1.9,0.1864293138802898,0.17968102935804048,0.975,40,0.18176858103328256
func__reversal,VC5.8,0.18563330442009313,0.1950693865119975,0.975,40,0.1809924718095908
func__reversal,T23F11.2,-0.18375946574322258,-0.18864029614759364,0.975,40,0.179165479099642
func__reversal,F27C1.3,0.1873349147347526,0.2055325019808999,0.95,40,0.177968168998015
func__reversal,K06B9.4,-0.17792891592297427,-0.1791957829621394,1.0,40,0.17792891592297427
func__reversal,abf-3,0.1872529889870719,0.1918242650930017,0.95,38,0.1778903395377183
func__reversal,mup-4,-0.17761812726985382,-0.16973808746721347,1.0,40,0.17761812726985382
func__reversal,Y38F2AL.6,0.18677141915513942,0.2120340233403954,0.95,40,0.17743284819738245
func__reversal,tsp-1,-0.1771404752801692,-0.1778362813516906,1.0,40,0.1771404752801692
func__reversal,F49C12.2,0.18526455426107222,0.19457621643548545,0.95,38,0.1760013265480186
func__reversal,C07E3.4,0.18489542880159993,0.20399009628254822,0.95,40,0.1756506573615199
func__reversal,F33C8.2,0.18425032239077566,0.1936597275470311,0.95,38,0.17503780627123686
func__reversal,F45E6.1,0.17906412699096746,0.17701365463463542,0.975,39,0.17458752381619327
func__reversal,Y113G7A.13,0.1781102918007785,0.19517307076503135,0.975,40,0.17365753450575905
func__reversal,R02F11.10,0.18263237771013174,0.18950050158208026,0.95,38,0.17350075882462515
func__reversal,M117.6,-0.1726585744086001,-0.16872297406191122,1.0,40,0.1726585744086001
func__reversal,M7.7,0.17216075702584466,0.16108830618105308,1.0,40,0.17216075702584466
func__reversal,C35D10.3,-0.17575162242776635,-0.16509395078730116,0.975,40,0.17135783186707218
func__reversal,hda-5,-0.17076644007708378,-0.16421895542011544,1.0,40,0.17076644007708378
func__reversal,C27A2.5,0.17961878828660738,0.1951910480092931,0.95,40,0.170637848872277
func__reversal,F27C1.13,0.1819480767182367,0.19976432428323385,0.925,39,0.16830197096436897
func__reversal,oac-59,0.17656654474412253,0.1915309727140493,0.95,40,0.1677382175069164
func__reversal,pals-17,-0.16755912505896864,-0.16911538976551424,1.0,40,0.16755912505896864
func__reversal,sfxn-1.4,0.17539431960186752,0.18023414969375884,0.95,40,0.16662460362177414
func__reversal,M03B6.3,0.17537060685998831,0.17106019011292828,0.95,40,0.16660207651698888
func__reversal,ins-37,0.1706723599866272,0.16898059003181515,0.975,40,0.1664055509869615
func__reversal,C05D9.3,-0.16592177502926678,-0.1552893127325227,1.0,40,0.16592177502926678
func__reversal,cyp-25A5,0.16938563438744964,0.1839922422272052,0.975,40,0.16515099352776338
func__reversal,grl-13,-0.1737407150343517,-0.189292678202294,0.95,40,0.16505367928263412
func__reversal,Y17D7C.4,0.16388978755344713,0.16490736684327875,1.0,40,0.16388978755344713
func__reversal,nhr-211,0.16623893857102193,0.17182683330847806,0.975,40,0.16208296510674639
func__reversal,F47G3.1,0.17520965456195955,0.17004417257709092,0.925,40,0.1620689304698126
func__reversal,T04F3.4,0.1699732980595414,0.1836203754822911,0.95,40,0.16147463315656432
func__reversal,F35E2.9,-0.17365023824472933,-0.17964033486177033,0.925,39,0.16062647037637465
func__reversal,skr-4,0.16404505088556992,0.16854723195416765,0.975,40,0.15994392461343068
func__reversal,tag-297,0.15887380542818513,0.14331883222261127,1.0,40,0.15887380542818513
func__reversal,K04G2.12,-0.16167730109526177,-0.1672228357831841,0.975,40,0.1576353685678802
func__reversal,H20E11.3,-0.15638183476076412,-0.15246956966249847,1.0,40,0.15638183476076412
func__reversal,col-113,-0.15632335974773465,-0.17319100375700602,1.0,40,0.15632335974773465
func__reversal,Y67D8C.22,0.16032115462103305,0.14413853719668301,0.975,40,0.1563131257555072
func__reversal,Y40B10B.1,0.16863580743040435,0.1765247666427799,0.925,39,0.15598812187312402
func__reversal,nhr-130,0.16418889752626442,0.1719075233900773,0.95,40,0.1559794526499512
func__reversal,ZC513.2,0.15991854085210688,0.1748199056620012,0.975,40,0.1559205773308042
func__reversal,fbxc-12,-0.1597767358105148,-0.15864944381301999,0.975,39,0.15578231741525192
func__reversal,ncr-2,0.15544233710123545,0.14801997271647405,1.0,40,0.15544233710123545
func__reversal,Y105E8B.10,-0.15858082898610498,-0.14896439388642677,0.975,40,0.15461630826145237
func__reversal,T28A11.16,-0.16671279250594978,-0.17291368578411442,0.925,40,0.15420933306800355
func__reversal,nhr-191,0.15807676375567234,0.18077928976624547,0.975,40,0.15412484466178053
func__velocity,let-653,-0.3123984242678507,-0.3293338441885846,1.0,40,0.3123984242678507
func__velocity,Y64G10A.2,-0.27293048453944924,-0.2876781729660311,1.0,40,0.27293048453944924
func__velocity,F29C4.3,-0.26993594263497045,-0.26531497498651035,1.0,40,0.26993594263497045
func__velocity,F38A6.5,-0.26933424072712814,-0.274633498094063,1.0,40,0.26933424072712814
func__velocity,F23A7.1,-0.27164695779394427,-0.29395315368552105,0.975,40,0.26485578384909564
func__velocity,ZK455.5,-0.25349130511602685,-0.2522152567300028,1.0,40,0.25349130511602685
func__velocity,R11H6.4,-0.2497198765315253,-0.2370197859728071,1.0,40,0.2497198765315253
func__velocity,C30B5.17,-0.2439645536033103,-0.25456938329468193,1.0,40,0.2439645536033103
func__velocity,sfxn-1.1,-0.24065569111790452,-0.24606268680647017,1.0,40,0.24065569111790452
func__velocity,ZK550.5,-0.2384690751947572,-0.23240797044284883,1.0,40,0.2384690751947572
func__velocity,hmg-3,-0.2359766665766906,-0.22752109929118358,1.0,40,0.2359766665766906
func__velocity,F13G3.3,-0.23232881189238047,-0.2327806203190756,1.0,40,0.23232881189238047
func__velocity,T14B4.5,-0.2255454318887135,-0.2247245447421406,1.0,40,0.2255454318887135
func__velocity,Y74C9A.1,-0.23052439893536683,-0.2504153447079106,0.975,40,0.22476128896198266
func__velocity,T12G3.6,0.2198921313420421,0.2134034186581614,1.0,40,0.2198921313420421
func__velocity,D2005.7,-0.22222584602731227,-0.2231640488269903,0.975,40,0.21667019987662944
func__velocity,ulp-5,-0.2159079069009216,-0.22308675770987568,1.0,40,0.2159079069009216
func__velocity,gap-3,0.215580420406502,0.20856661803535959,1.0,40,0.215580420406502
func__velocity,zig-9,-0.21555973306903745,-0.22323534825168706,1.0,40,0.21555973306903745
func__velocity,srh-217,-0.21706113141054667,-0.24128685750374912,0.975,40,0.211634603125283
func__velocity,sra-1,-0.216804120970515,-0.24128685750374912,0.975,40,0.2113840179462521
func__velocity,Y45F10A.7,0.21516303795807276,0.24351720206775482,0.975,40,0.20978396200912094
func__velocity,Y40C7B.4,-0.2082686509182512,-0.2074405608171676,1.0,40,0.2082686509182512
func__velocity,F39F10.4,-0.21333646361778355,-0.24182586210281315,0.975,40,0.20800305202733896
func__velocity,C01B10.6,0.20437041011436974,0.20730789855879977,1.0,40,0.20437041011436974
func__velocity,21ur-10093,-0.20868360317649395,-0.21494199802249528,0.975,40,0.2034665130970816
func__velocity,oac-46,-0.20855716551322256,-0.1982252356182561,0.975,40,0.203343236375392
func__velocity,M05B5.1,-0.20448739726681958,-0.21230856068659898,0.975,40,0.1993752123351491
func__velocity,K10C9.7,0.20952378968260474,0.19849371194081578,0.95,38,0.1990476001984745
func__velocity,col-172,-0.19780333178036438,-0.21484935962068014,1.0,40,0.19780333178036438
func__velocity,str-96,-0.20205199943566937,-0.21450657774395837,0.975,39,0.19700069944977763
func__velocity,srj-14,-0.20189592390136055,-0.20690844578364714,0.975,40,0.19684852580382653
func__velocity,C49C8.2,-0.19673012252183306,-0.19363938069945733,1.0,40,0.19673012252183306
func__velocity,Y38F2AL.6,-0.1965512510142143,-0.20891628929883171,1.0,40,0.1965512510142143
func__velocity,spp-21,-0.19636772807122724,-0.20803782997829257,1.0,40,0.19636772807122724
func__velocity,cyp-29A1,0.19576738137178123,0.19067484929621814,1.0,40,0.19576738137178123
func__velocity,tyr-4,-0.19858060888633197,-0.1932628236130018,0.975,40,0.19361609366417368
func__velocity,mup-4,0.19357534220899789,0.19044158645259682,1.0,40,0.19357534220899789
func__velocity,K06B9.4,0.19233637764585396,0.1946709626623018,1.0,40,0.19233637764585396
func__velocity,C12D8.21,-0.19646177573505946,-0.21323920225505416,0.975,40,0.19155023134168297
func__velocity,inx-22,0.19590092114259702,0.20475678139304837,0.975,40,0.19100339811403208
func__velocity,R04B5.7,-0.20046331804629372,-0.19007572475092338,0.95,38,0.19044015214397902
func__velocity,T10E9.14,-0.1872413891211991,-0.17796393550450357,1.0,40,0.1872413891211991
func__velocity,osr-1,-0.19703586462054618,-0.20530671366407527,0.95,38,0.18718407138951887
func__velocity,rnst-2,-0.19697451735753868,-0.2021605404808515,0.95,40,0.18712579148966174
func__velocity,tsp-1,0.18655950618214343,0.18744197212342384,1.0,40,0.18655950618214343
func__velocity,C54F6.18,0.18393824879224646,0.17429918150306814,1.0,40,0.18393824879224646
func__velocity,M03B6.3,-0.18343319736235258,-0.1764792105519141,1.0,40,0.18343319736235258
func__velocity,T03G11.9,-0.18610879855825008,-0.19181681761895333,0.975,40,0.18145607859429383
func__velocity,col-132,-0.1859644012656218,-0.1912004016639017,0.975,40,0.18131529123398127
func__velocity,T23F11.2,0.19062862414902274,0.1903926082450658,0.95,40,0.1810971929415716
func__velocity,Y113G7A.13,-0.18332524256730723,-0.20484483463686443,0.975,40,0.17874211150312455
func__velocity,hda-5,0.17783396004418456,0.17032479926451563,1.0,40,0.17783396004418456
func__velocity,M7.7,-0.17775584016201906,-0.17966244270968582,1.0,40,0.17775584016201906
func__velocity,C07E3.4,-0.18207630627855967,-0.19815990865510003,0.975,40,0.17752439862159566
func__velocity,D2021.4,-0.1805931332180835,-0.2089128567312029,0.975,40,0.17607830488763143
func__velocity,H20E11.3,0.17589908104283886,0.17305227454988062,1.0,40,0.17589908104283886
func__velocity,T05F1.9,-0.1779397547437998,-0.17485606861249664,0.975,40,0.1734912608752048
func__velocity,F36H12.5,-0.1822725380408711,-0.1839672134332242,0.95,38,0.17315891113882753
func__velocity,Y67A6A.1,-0.1822725380408711,-0.1839672134332242,0.95,38,0.17315891113882753
func__velocity,K02F6.6,-0.18653178412590746,-0.19159257140963543,0.925,38,0.1725419003164644
func__velocity,nhr-130,-0.17643243242883094,-0.18881215622624498,0.975,40,0.17202162161811016
func__velocity,msp-52,-0.1809043889877623,-0.1839672134332242,0.95,38,0.17185916953837416
func__velocity,C05D9.3,0.17121427811172726,0.16356936455928983,1.0,40,0.17121427811172726
func__velocity,F27C1.3,-0.17963712805074578,-0.1974141160621713,0.95,40,0.17065527164820848
func__velocity,F35E2.9,0.17961847591050337,0.18568651658020766,0.95,39,0.1706375521149782
func__velocity,ZK622.1,-0.17484038967147358,-0.18156582781510872,0.975,40,0.17046937992968675
func__velocity,M117.6,0.16984159276237976,0.16892041262237187,1.0,40,0.16984159276237976
func__velocity,zip-7,-0.17754811443453564,-0.1785505318519393,0.95,40,0.16867070871280884
func__velocity,Y17D7C.4,-0.1726856826206658,-0.16163073647678494,0.975,40,0.16836854055514916
func__velocity,fbxc-12,0.1721895358648787,0.19546918639748873,0.975,39,0.16788479746825674
func__velocity,Y67D8C.22,-0.16754161540398566,-0.15564823954846313,1.0,40,0.16754161540398566
func__velocity,nhr-211,-0.17167948238747416,-0.183206066062758,0.975,40,0.1673874953277873
func__velocity,ins-37,-0.17166789437297061,-0.1657494271371005,0.975,40,0.16737619701364634
func__velocity,pals-17,0.16736203767978886,0.15977604189207056,1.0,40,0.16736203767978886
func__velocity,abf-3,-0.17918188390645667,-0.18375374324113286,0.925,38,0.16574324261347242
func__velocity,C35D10.3,0.1699917961999629,0.17501592058749538,0.975,40,0.16574200129496383
func__velocity,F33C8.2,-0.1789939284348765,-0.17903939520544748,0.925,38,0.16556938380226077
func__velocity,cyp-25A5,-0.16509734315776994,-0.1805216726268734,1.0,40,0.16509734315776994
func__velocity,F45E6.1,-0.1783058354952924,-0.18079693046535952,0.925,39,0.16493289783314546
func__velocity,K06A4.10,0.16897960145998403,0.1751245180699766,0.975,40,0.16475511142348442
func__velocity,R02F11.10,-0.1773583184073873,-0.1753122770779394,0.925,38,0.16405644452683327
func__velocity,F27C1.13,-0.17686137074331762,-0.20389683041296133,0.925,39,0.1635967679375688
func__velocity,C37C3.10,-0.17640396701303512,-0.17715549207697862,0.925,40,0.1631736694870575
func__velocity,linc-120,0.1619486544344627,0.16984219834190598,1.0,40,0.1619486544344627
func__velocity,C45G9.15,0.1730266753125559,0.18073375392423782,0.925,37,0.1600496746641142
func__velocity,C27A2.5,-0.1680765440479321,-0.18791985608601702,0.95,40,0.1596727168455355
func__velocity,sfxn-1.4,-0.1720917155278185,-0.18251854646120824,0.925,40,0.15918483686323212
func__velocity,F09C12.8,0.1628347817521015,0.17307740491307153,0.975,40,0.15876391220829897
func__velocity,VC5.8,-0.1669977240644969,-0.17963011971314535,0.95,40,0.15864783786127204
func__velocity,Y105E8B.10,0.162531870904248,0.13388165527386117,0.975,40,0.1584685741316418
func__velocity,col-113,0.15807410364856,0.1714111145034254,1.0,40,0.15807410364856
func__velocity,Y60A3A.24,0.1577444929216657,0.15599311300212537,1.0,40,0.1577444929216657
func__velocity,F17C11.6,0.1784337762236087,0.20693653072691295,0.875,40,0.1561295541956576
func__velocity,T04F3.4,-0.16276572963884717,-0.1700383066147903,0.95,40,0.1546274431569048
func__velocity,oac-59,-0.1626510482958889,-0.18040283674413388,0.95,40,0.15451849588109443
func__velocity,T02C12.4,0.15381550206792255,0.15727622527159035,1.0,40,0.15381550206792255
func__velocity,lfe-2,0.1535290105414851,0.1579556924957034,1.0,40,0.1535290105414851
func__velocity,C26C6.8,0.16596793728879142,0.1789453722167692,0.925,40,0.15352034199213208
func__velocity,pho-14,-0.15237097613060865,-0.15739442221638938,1.0,40,0.15237097613060865
