model,target,fold,heldout,n,r2,pearson,spearman,rmse,nrmse,calibration_slope,calibration_intercept,auroc,auprc,brier
independent_Ridge,resp__ephys_latent__b00,0,666414145;703285815;732239966;819254252;864489769;894287222;907862449;907862708;911032005;918438574;922885337;942633698;948346165;992385510,21,-0.09557593603088033,0.17043020337656972,0.16363636363636364,1.0088096755862406,1.0466976335258464,0.4337507772112821,1.6740599874963435,0.5306122448979592,0.5205215419501132,0.4194234215439134
independent_Ridge,resp__ephys_latent__b01,0,666414145;703285815;732239966;819254252;864489769;894287222;907862449;907862708;911032005;918438574;922885337;942633698;948346165;992385510,21,-0.008564681756033643,-0.03700235754500973,-0.03636363636363636,0.4112683727149486,1.004273210710665,-17.6458414586191,76.96663130543214,0.4693877551020408,0.5166975881261595,0.484420312401777
shared_fullrank,resp__ephys_latent__b00,0,666414145;703285815;732239966;819254252;864489769;894287222;907862449;907862708;911032005;918438574;922885337;942633698;948346165;992385510,21,-0.09557593603088033,0.17043020337656983,0.16363636363636364,1.0088096755862406,1.0466976335258464,0.4337507772112841,1.674059987496339,0.5306122448979592,0.5205215419501132,0.4194234215439134
shared_fullrank,resp__ephys_latent__b01,0,666414145;703285815;732239966;819254252;864489769;894287222;907862449;907862708;911032005;918438574;922885337;942633698;948346165;992385510,21,-0.06190880992072478,-0.04981663008529756,-0.11818181818181818,0.42200446573284267,1.030489597189384,-0.26028212536991635,5.165833851839569,0.40816326530612246,0.5118215118215118,0.48436872922306023
shared_RRR_selected,resp__ephys_latent__b00,0,666414145;703285815;732239966;819254252;864489769;894287222;907862449;907862708;911032005;918438574;922885337;942633698;948346165;992385510,21,-0.057428767518532764,0.209783257980736,0.24805194805194808,0.9910910569126968,1.0283135550581537,0.5410150754242447,1.401792864395032,0.5714285714285715,0.5380179344465059,0.42018756136791185
shared_RRR_selected,resp__ephys_latent__b01,0,666414145;703285815;732239966;819254252;864489769;894287222;907862449;907862708;911032005;918438574;922885337;942633698;948346165;992385510,21,-0.04206964567805671,-0.023433050776774943,0.016883116883116882,0.418043820048145,1.020818125658517,-0.13177158505641853,4.634013528005567,0.44897959183673475,0.5975357975357976,0.48427712115428784
independent_Ridge,resp__ephys_latent__b00,1,660204283;689595099;714724552;812386122;864489796;899526769;907862552;911725038;918438586;922886419;942633728;948346177;948346213;959090099;985736238,21,-0.012824639607123434,0.3739996375607016,0.2636363636363636,0.7300800009854874,1.006391891662652,0.9854692336361007,-0.24527260930698735,0.7142857142857143,0.7933982683982683,0.426923233439907
independent_Ridge,resp__ephys_latent__b01,1,660204283;689595099;714724552;812386122;864489796;899526769;907862552;911725038;918438586;922886419;942633728;948346177;948346213;959090099;985736238,21,-0.15776438760178801,0.20975232873964075,0.0961038961038961,0.3880961084567502,1.0759946038876627,108.40762147718617,-439.5157138654197,0.5714285714285714,0.6905594405594406,0.48385881195784197
shared_fullrank,resp__ephys_latent__b00,1,660204283;689595099;714724552;812386122;864489796;899526769;907862552;911725038;918438586;922886419;942633728;948346177;948346213;959090099;985736238,21,-0.062005281494282194,0.4122084607661094,0.36103896103896105,0.7475954701344761,1.0305364047385004,2.074971959677222,-3.16954259862717,0.7755102040816326,0.8182900432900433,0.4333399735962916
shared_fullrank,resp__ephys_latent__b01,1,660204283;689595099;714724552;812386122;864489796;899526769;907862552;911725038;918438586;922886419;942633728;948346177;948346213;959090099;985736238,21,-0.16257198265162343,0.25150928201652,0.06103896103896104,0.3889010546214303,1.0782263132780505,2.7368321759167733,-6.917109406777434,0.5306122448979592,0.6548451548451548,0.4835202145726166
shared_RRR_selected,resp__ephys_latent__b00,1,660204283;689595099;714724552;812386122;864489796;899526769;907862552;911725038;918438586;922886419;942633728;948346177;948346213;959090099;985736238,21,-0.058756190628156846,0.40261586706152036,0.28051948051948056,0.7464510001758082,1.0289587895660535,2.050526883533699,-3.0906372193918035,0.7551020408163265,0.8107142857142857,0.4332132487015495
shared_RRR_selected,resp__ephys_latent__b01,1,660204283;689595099;714724552;812386122;864489796;899526769;907862552;911725038;918438586;922886419;942633728;948346177;948346213;959090099;985736238,21,-0.1129092849087372,0.48130629012265114,0.3103896103896104,0.3805038693527396,1.0549451572961346,6.57296104585237,-22.612313774460723,0.5918367346938775,0.7247474747474747,0.48354451947080374
independent_Ridge,resp__ephys_latent__b00,2,648087046;679874327;705968896;737379272;885375416;889551932;907862629;911031965;914420054;918438599;922886434;942633636;948346238;959090120;998968831,21,0.21905543998951327,0.5999692757186887,0.5181818181818182,0.9316438573801581,0.8837106766408366,1.7723670623101178,-1.6096015476069723,0.7959183673469388,0.8755411255411254,0.40880058682309695
independent_Ridge,resp__ephys_latent__b01,2,648087046;679874327;705968896;737379272;885375416;889551932;907862629;911031965;914420054;918438599;922886434;942633636;948346238;959090120;998968831,21,-0.013800228686353888,0.2369836152155455,0.1909090909090909,0.5825335703991894,1.0068764714118854,287.6960049005554,-1185.8639037431292,0.673469387755102,0.769047619047619,0.48451280164214466
shared_fullrank,resp__ephys_latent__b00,2,648087046;679874327;705968896;737379272;885375416;889551932;907862629;911031965;914420054;918438599;922886434;942633636;948346238;959090120;998968831,21,0.21905543998951327,0.5999692757186885,0.5181818181818182,0.9316438573801581,0.8837106766408366,1.7723670623101158,-1.6096015476069672,0.7959183673469388,0.8755411255411254,0.40880058682309695
shared_fullrank,resp__ephys_latent__b01,2,648087046;679874327;705968896;737379272;885375416;889551932;907862629;911031965;914420054;918438599;922886434;942633636;948346238;959090120;998968831,21,0.0064277586227634576,0.13055450987992365,0.16883116883116883,0.5766927484017752,0.9967809395116872,1.3119544063927964,-1.3433415455512425,0.673469387755102,0.8035714285714284,0.4842547534130719
shared_RRR_selected,resp__ephys_latent__b00,2,648087046;679874327;705968896;737379272;885375416;889551932;907862629;911031965;914420054;918438599;922886434;942633636;948346238;959090120;998968831,21,0.2196469163196314,0.6002691013332928,0.5064935064935064,0.9312909836321579,0.8833759582866675,1.777737799012791,-1.625686633501136,0.7959183673469388,0.8755411255411254,0.40926997922308506
shared_RRR_selected,resp__ephys_latent__b01,2,648087046;679874327;705968896;737379272;885375416;889551932;907862629;911031965;914420054;918438599;922886434;942633636;948346238;959090120;998968831,21,0.0320959420932192,0.3423417886515763,0.35194805194805195,0.5691947962039691,0.9838211513803893,5.220923903011582,-17.445624780685684,0.6530612244897959,0.6804945054945055,0.4841567801221319
independent_Ridge,resp__ephys_latent__b00,3,643830448;677346941;703285835;844941326;885375430;889551957;889552276;894287271;911031953;922885296;942633653;942633666;965099598;982382891;992385520,21,-0.32163879688624997,0.10111721670313537,-0.05714285714285714,0.7178437877396566,1.149625502884316,0.19540385432559348,2.1282803962938184,0.4693877551020408,0.4882395382395383,0.44906776367712364
independent_Ridge,resp__ephys_latent__b01,3,643830448;677346941;703285835;844941326;885375430;889551957;889552276;894287271;911031953;922885296;942633653;942633666;965099598;982382891;992385520,21,-0.5630031022170479,-0.5648291926068846,-0.5779220779220778,0.44758499898958687,1.2502012246867769,-1.5088761638951567,10.545317653086839,0.08163265306122448,0.35631749203177776,0.4867375988062167
shared_fullrank,resp__ephys_latent__b00,3,643830448;677346941;703285835;844941326;885375430;889551957;889552276;894287271;911031953;922885296;942633653;942633666;965099598;982382891;992385520,21,-0.32163879688624974,0.1011172167031356,-0.05714285714285714,0.7178437877396565,1.1496255028843159,0.19540385432559335,2.1282803962938184,0.4693877551020408,0.4882395382395383,0.44906776367712364
shared_fullrank,resp__ephys_latent__b01,3,643830448;677346941;703285835;844941326;885375430;889551957;889552276;894287271;911031953;922885296;942633653;942633666;965099598;982382891;992385520,21,-0.5630031022170479,-0.5648291926068846,-0.5779220779220778,0.44758499898958687,1.2502012246867769,-1.5088761638951567,10.545317653086839,0.08163265306122448,0.35631749203177776,0.4867375988062167
shared_RRR_selected,resp__ephys_latent__b00,3,643830448;677346941;703285835;844941326;885375430;889551957;889552276;894287271;911031953;922885296;942633653;942633666;965099598;982382891;992385520,21,-0.3437950811166717,0.12210997142631942,-0.087012987012987,0.7238358357071831,1.1592217566593406,0.2177224130074134,2.0610487240975623,0.4489795918367347,0.5024118738404453,0.4489725207604289
shared_RRR_selected,resp__ephys_latent__b01,3,643830448;677346941;703285835;844941326;885375430;889551957;889552276;894287271;911031953;922885296;942633653;942633666;965099598;982382891;992385520,21,-0.3727959273952286,-0.5672348843989294,-0.535064935064935,0.41946776647655054,1.1716637433101529,-2.1323073736184543,13.154499582262156,0.163265306122449,0.3797868797868798,0.4864048207957995
independent_Ridge,resp__ephys_latent__b00,4,639391267;666414155;703285825;714724521;737379189;822442500;844941269;894285831;899526804;914420066;914420134;922885324;948346189;959090058;972004945,21,0.20982464866378825,0.5986346532955242,0.5051948051948052,0.7488766386821837,0.8889180790907203,2.7422502690728403,-4.6717778384329005,0.8775510204081632,0.8917233560090703,0.4278905631645529
independent_Ridge,resp__ephys_latent__b01,4,639391267;666414155;703285825;714724521;737379189;822442500;844941269;894285831;899526804;914420066;914420134;922885324;948346189;959090058;972004945,21,-0.13115917212364914,-0.1742686652944044,-0.32597402597402597,0.4062645415086942,1.0635596702196481,-80.51511743179336,338.1533660924041,0.20408163265306123,0.39048055119483693,0.48472295786699654
shared_fullrank,resp__ephys_latent__b00,4,639391267;666414155;703285825;714724521;737379189;822442500;844941269;894285831;899526804;914420066;914420134;922885324;948346189;959090058;972004945,21,0.20982464866378825,0.5986346532955242,0.5051948051948052,0.7488766386821837,0.8889180790907203,2.7422502690728425,-4.671777838432904,0.8775510204081632,0.8917233560090703,0.4278905631645529
shared_fullrank,resp__ephys_latent__b01,4,639391267;666414155;703285825;714724521;737379189;822442500;844941269;894285831;899526804;914420066;914420134;922885324;948346189;959090058;972004945,21,-0.2057893312240815,-0.23339976375068613,-0.3051948051948052,0.419452489981503,1.0980843916647611,-2.002233049071365,12.329173892709923,0.20408163265306123,0.39048055119483693,0.4848588667309833
shared_RRR_selected,resp__ephys_latent__b00,4,639391267;666414155;703285825;714724521;737379189;822442500;844941269;894285831;899526804;914420066;914420134;922885324;948346189;959090058;972004945,21,0.2181278580350985,0.6269866117181435,0.5025974025974026,0.7449316276836768,0.8842353430863558,2.93768421141107,-5.191312154502148,0.836734693877551,0.8687074829931971,0.42761045693119426
shared_RRR_selected,resp__ephys_latent__b01,4,639391267;666414155;703285825;714724521;737379189;822442500;844941269;894285831;899526804;914420066;914420134;922885324;948346189;959090058;972004945,21,-0.09334078329463669,0.2804094268231329,0.26103896103896107,0.3994154246724618,1.045629371856449,3.035984538688063,-8.597216615697745,0.6122448979591837,0.7269230769230768,0.48458665819522395
