metric,pre_dedup,strict_dedup,change
Fig1 type->genes delta_rho,0.0858784015415,0.0884675360992044,0.0025891345577043
Fig1 type->genes delta_r2,0.0272989209702383,0.0271733607178319,-0.0001255602524064
Fig2 reference geometry_rho,0.2395948832409341,0.241109271125831,0.0015143878848969
Fig2 hidden_gene_recovery_rho,0.2024589425909523,0.2057283117914691,0.0032693692005168
Fig2 mapping_stability,0.8149528577923775,0.8159859329462051,0.0010330751538276
Fig3 K5 spearman oriented_delta,0.0931614088087926,0.0967100131373913,0.0035486043285987
Fig3 K5 auroc oriented_delta,0.0594348784924431,0.0620105343908129,0.0025756558983698
Fig3 K5 auprc oriented_delta,0.0443064101096213,0.0456342097748221,0.0013277996652007
Fig3 K5 nrmse oriented_delta,0.0312872027654906,0.0328870871190241,0.0015998843535334
Fig3 K5 r2 oriented_delta,0.0617826907457116,0.0683424166374721,0.0065597258917605
