K,comparison,n,mean_delta,median_delta,wins,wilcoxon_one_sided
25,FSO_functional - PERSIST,10,0.0419793651666489,0.0481627905996402,7,0.013671875
25,FSO_functional - random_p95,10,0.1227037019206145,0.1253862229252682,10,0.0009765625
25,FSO_functional - functional_topK,10,0.0344747936165727,0.0388825298128939,8,0.0048828125
25,FSO_functional - high_expression,10,0.1251051844709609,0.1238027769745424,10,0.0009765625
25,FSO_functional - sBNN_top25,10,-0.0005647340489327,-0.000928071606649,4,0.5771484375
50,FSO_functional - PERSIST,10,0.0346237313302648,0.0306823864738481,10,0.0009765625
50,FSO_functional - random_p95,10,0.0721590538726436,0.0684048111578068,10,0.0009765625
50,FSO_functional - functional_topK,10,0.0182226445250823,0.0189017399991399,9,0.009765625
50,FSO_functional - high_expression,10,0.0901296625858924,0.095289256894942,10,0.0009765625
100,FSO_functional - PERSIST,10,0.0326973715872743,0.0410008037949052,10,0.0009765625
100,FSO_functional - random_p95,10,0.0135093814183897,0.0057402427662608,8,0.052734375
100,FSO_functional - functional_topK,10,-0.0032149014810577,-0.0003824918812118,2,0.935904912827446
100,FSO_functional - high_expression,10,0.0546300443195826,0.0573749241372705,10,0.0009765625
