target_domain,K,metric,direction,selected_mean,random_mean,random_threshold_mean,delta_mean,delta_median,wins,wins_threshold,n_folds,n_valid_folds,full_panel_baseline,inferential,wilcoxon_p_one_sided,wilcoxon_q_bh
function,5,auprc,higher,0.7026085406996799,0.656974330924858,0.6959405776908603,0.0456342097748221,0.0375508676096156,6,4,6,6,False,True,0.015625,0.046875
function,5,auroc,higher,0.714177470041358,0.652166935650545,0.6986918418726614,0.0620105343908129,0.0617640309405811,6,5,6,6,False,True,0.015625,0.046875
function,5,nrmse,lower,0.9854616040437852,1.0183486911628097,0.9940629958417896,0.0328870871190241,0.0357312254510798,6,5,6,6,False,True,0.015625,0.046875
function,5,r2,higher,-0.032068571923653,-0.1004109885611252,-0.0293775791599315,0.0683424166374721,0.0718711776488607,5,4,6,6,False,True,0.03125,0.0669642857142857
function,5,spearman,higher,0.3308349501521256,0.2341249370147343,0.3032911677067518,0.0967100131373913,0.0959077816193883,6,6,6,6,False,True,0.015625,0.046875
function,10,auprc,higher,0.7052736669210645,0.6999373436987631,0.7308426632492857,0.0053363232223013,0.0047112869507128,5,0,6,6,False,True,0.15625,0.2130681818181818
function,10,auroc,higher,0.7165290288978766,0.6981730551229894,0.7290885341116099,0.0183559737748872,0.0141533700633612,5,2,6,6,False,True,0.03125,0.0669642857142857
function,10,nrmse,lower,0.9899571050832536,0.9974586924795088,0.9744484967036572,0.0075015873962553,0.0051596579861771,3,0,6,6,False,True,0.21875,0.2734375
function,10,r2,higher,-0.0547767389796115,-0.0609710001045969,0.0064853626617288,0.0061942611249853,0.0101086481150036,3,0,6,6,False,True,0.5,0.5
function,10,spearman,higher,0.3378979079412667,0.3074118500687241,0.3569539099231781,0.0304860578725425,0.0285627219809197,6,1,6,6,False,True,0.015625,0.046875
function,20,auprc,higher,0.7422011504290698,0.7408184619521186,0.7474903733613139,0.0013826884769511,0.0023224613274736,4,0,6,6,False,True,0.34375,0.3683035714285714
function,20,auroc,higher,0.7483471554772865,0.7453859829504382,0.7519536122074147,0.0029611725268482,0.0037630980873401,5,0,6,6,False,True,0.078125,0.1302083333333333
function,20,nrmse,lower,0.9733611176685611,0.9743612930521192,0.9662971222592672,0.001000175383558,0.0010846521502906,4,0,6,6,False,True,0.15625,0.2130681818181818
function,20,r2,higher,-0.0235671649724149,-0.0253018049940645,-0.0046141397571084,0.0017346400216496,0.000664456419341,3,0,6,6,False,True,0.28125,0.3245192307692308
function,20,spearman,higher,0.3912582761063723,0.3860722824521617,0.3961607672363387,0.0051859936542107,0.0061365481421002,5,1,6,6,False,True,0.078125,0.1302083333333333
function,21,auprc,higher,0.7434807057014131,0.7434807057014131,0.7434807057014131,-1.8503717077085938e-17,0.0,1,0,6,6,True,False,,
function,21,auroc,higher,0.7482457431133303,0.7482457431133303,0.7482457431133303,3.7007434154171876e-17,5.551115123125783e-17,3,0,6,6,True,False,,
function,21,nrmse,lower,0.9725624415248206,0.9725624415248206,0.9725624415248204,1.8503717077085938e-17,-0.0,2,0,6,6,True,False,,
function,21,r2,higher,-0.0224029480513731,-0.0224029480513732,-0.022402948051373,4.098284211995207e-17,2.0816681711721685e-17,3,0,6,6,True,False,,
function,21,spearman,higher,0.3908498319272717,0.3908498319272717,0.3908498319272717,9.251858538542969e-18,5.551115123125783e-17,4,0,6,6,True,False,,
