family,dataset,metric,effect,p_value,q_value,status,inference_unit,source
M1_paired_boundary,M1,FSO_functional - PERSIST,0.0419793651666489,0.013671875,,PAIRWISE,10 held-mouse folds,FIG3_MAIN_A_M1_PAIRED_STATS_20261005.csv
M1_paired_boundary,M1,FSO_functional - random_p95,0.1227037019206145,0.0009765625,,PAIRWISE,10 held-mouse folds,FIG3_MAIN_A_M1_PAIRED_STATS_20261005.csv
M1_paired_boundary,M1,FSO_functional - functional_topK,0.0344747936165727,0.0048828125,,PAIRWISE,10 held-mouse folds,FIG3_MAIN_A_M1_PAIRED_STATS_20261005.csv
M1_paired_boundary,M1,FSO_functional - high_expression,0.1251051844709609,0.0009765625,,PAIRWISE,10 held-mouse folds,FIG3_MAIN_A_M1_PAIRED_STATS_20261005.csv
M1_paired_boundary,M1,FSO_functional - sBNN_top25,-0.0005647340489327,0.5771484375,,PAIRWISE,10 held-mouse folds,FIG3_MAIN_A_M1_PAIRED_STATS_20261005.csv
Allen_budget,Allen_visual_learning_HCR,K5_auprc,0.0456342097748221,0.015625,0.046875,SUPPORTED,6 held mice,FIG3_ED2_ALLEN_BUDGET_ALL_METRICS_20261005.csv
Allen_budget,Allen_visual_learning_HCR,K5_auroc,0.0620105343908129,0.015625,0.046875,SUPPORTED,6 held mice,FIG3_ED2_ALLEN_BUDGET_ALL_METRICS_20261005.csv
Allen_budget,Allen_visual_learning_HCR,K5_nrmse,0.0328870871190241,0.015625,0.046875,SUPPORTED,6 held mice,FIG3_ED2_ALLEN_BUDGET_ALL_METRICS_20261005.csv
Allen_budget,Allen_visual_learning_HCR,K5_r2,0.0683424166374721,0.03125,0.0669642857142857,BOUNDARY,6 held mice,FIG3_ED2_ALLEN_BUDGET_ALL_METRICS_20261005.csv
Allen_budget,Allen_visual_learning_HCR,K5_spearman,0.0967100131373913,0.015625,0.046875,SUPPORTED,6 held mice,FIG3_ED2_ALLEN_BUDGET_ALL_METRICS_20261005.csv
Allen_budget,Allen_visual_learning_HCR,K10_auprc,0.0053363232223013,0.15625,0.2130681818181818,BOUNDARY,6 held mice,FIG3_ED2_ALLEN_BUDGET_ALL_METRICS_20261005.csv
Allen_budget,Allen_visual_learning_HCR,K10_auroc,0.0183559737748872,0.03125,0.0669642857142857,BOUNDARY,6 held mice,FIG3_ED2_ALLEN_BUDGET_ALL_METRICS_20261005.csv
Allen_budget,Allen_visual_learning_HCR,K10_nrmse,0.0075015873962553,0.21875,0.2734375,BOUNDARY,6 held mice,FIG3_ED2_ALLEN_BUDGET_ALL_METRICS_20261005.csv
Allen_budget,Allen_visual_learning_HCR,K10_r2,0.0061942611249853,0.5,0.5,BOUNDARY,6 held mice,FIG3_ED2_ALLEN_BUDGET_ALL_METRICS_20261005.csv
Allen_budget,Allen_visual_learning_HCR,K10_spearman,0.0304860578725425,0.015625,0.046875,SUPPORTED,6 held mice,FIG3_ED2_ALLEN_BUDGET_ALL_METRICS_20261005.csv
Allen_budget,Allen_visual_learning_HCR,K20_auprc,0.0013826884769511,0.34375,0.3683035714285714,BOUNDARY,6 held mice,FIG3_ED2_ALLEN_BUDGET_ALL_METRICS_20261005.csv
Allen_budget,Allen_visual_learning_HCR,K20_auroc,0.0029611725268482,0.078125,0.1302083333333333,BOUNDARY,6 held mice,FIG3_ED2_ALLEN_BUDGET_ALL_METRICS_20261005.csv
Allen_budget,Allen_visual_learning_HCR,K20_nrmse,0.001000175383558,0.15625,0.2130681818181818,BOUNDARY,6 held mice,FIG3_ED2_ALLEN_BUDGET_ALL_METRICS_20261005.csv
Allen_budget,Allen_visual_learning_HCR,K20_r2,0.0017346400216496,0.28125,0.3245192307692308,BOUNDARY,6 held mice,FIG3_ED2_ALLEN_BUDGET_ALL_METRICS_20261005.csv
Allen_budget,Allen_visual_learning_HCR,K20_spearman,0.0051859936542107,0.078125,0.1302083333333333,BOUNDARY,6 held mice,FIG3_ED2_ALLEN_BUDGET_ALL_METRICS_20261005.csv
WARP_replacement_addition,WARP2026,measured_full31,0.5549934762716285,,,REPLACEMENT_OR_BASELINE,nested measured-panel pipeline,FIG3_ED3_WARP_REPLACEMENT_ADDITION_20261005.csv
WARP_replacement_addition,WARP2026,nested_pruned,0.5503669598905143,,,REPLACEMENT_OR_BASELINE,nested measured-panel pipeline,FIG3_ED3_WARP_REPLACEMENT_ADDITION_20261005.csv
WARP_replacement_addition,WARP2026,nested_hybrid_bridge_fixed_budget,0.5497017898816733,,,REPLACEMENT_OR_BASELINE,nested measured-panel pipeline,FIG3_ED3_WARP_REPLACEMENT_ADDITION_20261005.csv
WARP_replacement_addition,WARP2026,nested_hybrid_functional_fixed_budget,0.5490117858639953,,,REPLACEMENT_OR_BASELINE,nested measured-panel pipeline,FIG3_ED3_WARP_REPLACEMENT_ADDITION_20261005.csv
WARP_replacement_addition,WARP2026,nested_add_functional,0.5587531826065316,,,ADDITION,nested measured-panel pipeline,FIG3_ED3_WARP_REPLACEMENT_ADDITION_20261005.csv
Zhao_prospective,Zhao2026,K3_hidden_gene_recovery,0.4954545454545455,0.4105894105894105,0.918081918081918,PROSPECTIVE_NOT_TRUE_REPLACEMENT,reference-discriminativeness prospective marker contract,FIG3_ED4_ZHAO_PROSPECTIVE_MARKERS_20261005.csv
Zhao_prospective,Zhao2026,K5_hidden_gene_recovery,0.4869026647406667,0.7832167832167832,0.918081918081918,PROSPECTIVE_NOT_TRUE_REPLACEMENT,reference-discriminativeness prospective marker contract,FIG3_ED4_ZHAO_PROSPECTIVE_MARKERS_20261005.csv
Zhao_prospective,Zhao2026,K8_hidden_gene_recovery,0.5909090909090909,0.6863136863136863,0.918081918081918,PROSPECTIVE_NOT_TRUE_REPLACEMENT,reference-discriminativeness prospective marker contract,FIG3_ED4_ZHAO_PROSPECTIVE_MARKERS_20261005.csv
Zhao_prospective,Zhao2026,K10_hidden_gene_recovery,0.6272727272727273,0.6833166833166833,0.918081918081918,PROSPECTIVE_NOT_TRUE_REPLACEMENT,reference-discriminativeness prospective marker contract,FIG3_ED4_ZHAO_PROSPECTIVE_MARKERS_20261005.csv
Zhao_prospective,Zhao2026,K15_hidden_gene_recovery,0.5301207636786311,0.918081918081918,0.918081918081918,PROSPECTIVE_NOT_TRUE_REPLACEMENT,reference-discriminativeness prospective marker contract,FIG3_ED4_ZHAO_PROSPECTIVE_MARKERS_20261005.csv
Zhao_prospective,Zhao2026,K21_hidden_gene_recovery,,,,PROSPECTIVE_NOT_TRUE_REPLACEMENT,reference-discriminativeness prospective marker contract,FIG3_ED4_ZHAO_PROSPECTIVE_MARKERS_20261005.csv
broad_replication,chevee2018,proj_K25,0.5277092104788216,0.015625,0.125,DIRECTIONAL_OR_BOUNDARY,6 held biological units,FIG3_ED5_BROAD_HELDUNIT_REPLICATION_20261005.csv
broad_replication,mergeseq2024,proj_K25,0.0090661843461304,0.125,0.1666666666666666,DIRECTIONAL_OR_BOUNDARY,4 held biological units,FIG3_ED5_BROAD_HELDUNIT_REPLICATION_20261005.csv
broad_replication,mergeseq2024,proj_K100,0.0234428679191213,0.0625,0.1640625,DIRECTIONAL_OR_BOUNDARY,4 held biological units,FIG3_ED5_BROAD_HELDUNIT_REPLICATION_20261005.csv
broad_replication,warp2026,feat_K25,9.020394498266786e-05,0.125,0.1666666666666666,DIRECTIONAL_OR_BOUNDARY,3 held biological units,FIG3_ED5_BROAD_HELDUNIT_REPLICATION_20261005.csv
broad_replication,zhao2026,feat_K25,-0.0744005042207041,0.08203125,0.1640625,DIRECTIONAL_OR_BOUNDARY,9 held biological units,FIG3_ED5_BROAD_HELDUNIT_REPLICATION_20261005.csv
broad_replication,zhao2026,proj_K25,-0.0430620188921099,0.037109375,0.1484375,DIRECTIONAL_OR_BOUNDARY,9 held biological units,FIG3_ED5_BROAD_HELDUNIT_REPLICATION_20261005.csv
broad_replication,celegans_atanas2023,feat_K25,-0.0060637261549201,0.5,0.5,DIRECTIONAL_OR_BOUNDARY,5 held biological units,FIG3_ED5_BROAD_HELDUNIT_REPLICATION_20261005.csv
broad_replication,photseq2019,feat_K25,-0.0542300688222621,0.21875,0.25,DIRECTIONAL_OR_BOUNDARY,5 held biological units,FIG3_ED5_BROAD_HELDUNIT_REPLICATION_20261005.csv
