dataset,evidence_axis,contract,feature_or_model,target,status,n_held_units,r2,pearson,spearman,nrmse,auroc,auprc,brier,delta_r2_vs_type,delta_pearson_vs_type,delta_spearman_vs_type,delta_nrmse_vs_type,delta_auroc_vs_type,delta_auprc_vs_type,delta_brier_vs_type,relation_index,p_value,q_value,delta_aic_type_minus_gene,companion_r2,rank_biserial,held_direction_consistency
bugeon2022,coordinate_prediction,held_biological_unit,all_coordinates,5.0,ABSOLUTE_AND_TYPE_CONTRAST,4.0,-0.1514052024881338,0.3523651262515654,0.37140642360129,1.060083023737548,0.7358638359617807,0.7318240623511905,0.2912534622606864,-0.0560474409055563,0.003923209311454512,-0.0017998428739389727,-0.02667161497252124,0.007001008502658168,0.037080133370399504,0.0015783803319850964,,,,,,,
bugeon2022,coordinate_prediction,held_biological_unit,genes,5.0,ABSOLUTE_AND_TYPE_CONTRAST,4.0,-0.112140263475897,0.3742115271377558,0.3961562624121185,1.0413984006599248,0.7493540084748214,0.7347119696741018,0.2927853673848622,-0.016782501893319507,0.0257696101976449,0.02294999593688951,-0.007986991894898043,0.0204911810156988,0.039968040693310836,4.6475207809260066e-05,,,,,,,
bugeon2022,coordinate_prediction,held_biological_unit,genes+space,5.0,ABSOLUTE_AND_TYPE_CONTRAST,4.0,-0.1141869581161279,0.3737902105347827,0.3973039635431623,1.0425553603913222,0.7504895259525113,0.7379260807107413,0.2928232341513904,-0.018829196533550405,0.025348293594671778,0.0240976970679333,-0.009143951626295443,0.02162669849338872,0.043182151729950324,8.608441281088286e-06,,,,,,,
bugeon2022,coordinate_prediction,held_biological_unit,space,5.0,ABSOLUTE_AND_TYPE_CONTRAST,4.0,-0.1752127985604477,0.0253262428120163,0.024368286427629,1.0788301138436935,0.4934944506102619,0.5324818064014551,0.2996413246841797,-0.07985503697787019,-0.3231156741280946,-0.34883798004759997,-0.04541870507866674,-0.23536837684886064,-0.1622621225793358,-0.006809482091508223,,,,,,,
bugeon2022,coordinate_prediction,held_biological_unit,type,5.0,ABSOLUTE_AND_TYPE_CONTRAST,4.0,-0.0953577615825775,0.3484419169401109,0.373206266475229,1.0334114087650268,0.7288628274591226,0.694743928980791,0.2928318425926715,0.0,0.0,0.0,0.0,0.0,0.0,0.0,,,,,,,
bugeon2022,coordinate_prediction,held_biological_unit,type+genes,5.0,ABSOLUTE_AND_TYPE_CONTRAST,4.0,-0.1348075099315343,0.3583005432197035,0.3747702638497018,1.0514864681523612,0.7364569789254385,0.7299203190041306,0.2918995674996618,-0.03944974834895679,0.009858626279592608,0.0015639973744728253,-0.018075059387334447,0.007594151466315924,0.03517639002333961,0.0009322750930096935,,,,,,,
zhao2026,coordinate_prediction,held_biological_unit,all_coordinates,5.0,ABSOLUTE_AND_TYPE_CONTRAST,6.0,-0.0991687706790681,0.0285765608196551,0.01332630816332,1.0469284067936655,0.5110191484001008,0.5897003517576825,0.250201716890799,0.0003031480939088005,0.0953226077396252,0.0782819162202627,3.191583116013419e-06,0.035754598135550486,0.09077717133123414,0.0002521307686441654,,,,,,,
zhao2026,coordinate_prediction,held_biological_unit,connectivity,5.0,ABSOLUTE_AND_TYPE_CONTRAST,6.0,-0.0983273957827037,0.0278035579999714,0.0619497767311712,1.0465089081270096,0.5412764760225078,0.6061422831906701,0.2501485192317883,0.0011445229902731918,0.09454960491994151,0.1269053847881139,0.0004226902497719287,0.06601192575795756,0.1072191027642217,0.0003053284276548496,,,,,,,
zhao2026,coordinate_prediction,held_biological_unit,genes,5.0,ABSOLUTE_AND_TYPE_CONTRAST,6.0,-0.1041774662733767,0.0193247790421273,0.0342501204667354,1.0491360069746098,0.5194567061392458,0.6002258145146125,0.2505012683389505,-0.004705547500399809,0.0860708259620974,0.0992057285236781,-0.0022044085978283334,0.04419215587469549,0.10130263408816415,-4.7420679507304e-05,,,,,,,
zhao2026,coordinate_prediction,held_biological_unit,genes+connectivity,5.0,ABSOLUTE_AND_TYPE_CONTRAST,6.0,-0.0993041258758989,0.0386531560029786,0.0533974423904755,1.046962535619374,0.538281095154111,0.5971393598127283,0.2501691481102115,0.00016779289707799516,0.1053992029229487,0.1183530504474182,-3.093724259239927e-05,0.06301654488956077,0.09821617938627986,0.0002846995492316595,,,,,,,
zhao2026,coordinate_prediction,held_biological_unit,genes+morphology,5.0,ABSOLUTE_AND_TYPE_CONTRAST,6.0,-0.1005223776486133,-0.0095885587993283,-0.0258264783871013,1.0473831649400214,0.4829773242630386,0.5766411033021923,0.2505551069897001,-0.0010504588756364008,0.0571574881206418,0.0391291296698414,-0.000451566563239858,0.007712773998488298,0.07771792287574392,-0.0001012593302569531,,,,,,,
zhao2026,coordinate_prediction,held_biological_unit,genes+space,5.0,ABSOLUTE_AND_TYPE_CONTRAST,6.0,-0.1055921397689302,0.0083328653139606,0.0302829956873631,1.0498345685890038,0.5187390610565213,0.598240510473286,0.2505431672036675,-0.006120220995953302,0.0750789122339307,0.0952386037443058,-0.0029029702122223,0.043474510791971066,0.09931733004683757,-8.931954422430888e-05,,,,,,,
zhao2026,coordinate_prediction,held_biological_unit,morphology,5.0,ABSOLUTE_AND_TYPE_CONTRAST,6.0,-0.1070111273723595,-0.0411255210233067,-0.0392588390864838,1.0504050210202045,0.4745792391030486,0.5678728838457142,0.2508142353663731,-0.007539208599382605,0.0256205258966634,0.025696768970458896,-0.0034734226434229853,-0.0006853111615016672,0.06894970341926582,-0.00036038770692992106,,,,,,,
zhao2026,coordinate_prediction,held_biological_unit,space,5.0,ABSOLUTE_AND_TYPE_CONTRAST,6.0,-0.1037947339155845,-0.0380478491387833,0.0043793534274185,1.0490592934897576,0.5128123792726967,0.5883019375132378,0.2505401867320637,-0.0043228151426076,0.028698197781186804,0.0693349614843612,-0.002127695112976058,0.03754782900814646,0.08937875708678938,-8.633907262051155e-05,,,,,,,
zhao2026,coordinate_prediction,held_biological_unit,type,5.0,ABSOLUTE_AND_TYPE_CONTRAST,6.0,-0.0994719187729769,-0.0667460469199701,-0.0649556080569427,1.0469315983767815,0.4752645502645503,0.4989231804264484,0.2504538476594432,0.0,0.0,0.0,0.0,0.0,0.0,0.0,,,,,,,
zhao2026,coordinate_prediction,held_biological_unit,type+connectivity,5.0,ABSOLUTE_AND_TYPE_CONTRAST,6.0,-0.0983953992118563,0.0265115200504719,0.0583660678255842,1.0465417415453844,0.5399941211052323,0.6055765027474387,0.2501481534872481,0.0010765195611205924,0.093257566970442,0.1233216758825269,0.00038985683139713956,0.06472957084068198,0.10665332232099028,0.000305694172195059,,,,,,,
zhao2026,coordinate_prediction,held_biological_unit,type+genes,5.0,ABSOLUTE_AND_TYPE_CONTRAST,6.0,-0.1042658637989198,0.0184911507490482,0.0354301498773133,1.0491790907352567,0.5204703115814228,0.60141136764461,0.2504996170647465,-0.004793945025942908,0.0852371976690183,0.100385757934256,-0.0022474923584752116,0.045205761316872484,0.10248818721816161,-4.5769405303319743e-05,,,,,,,
zhao2026,coordinate_prediction,held_biological_unit,type+genes+connectivity,5.0,ABSOLUTE_AND_TYPE_CONTRAST,6.0,-0.0993224126441945,0.0379279013596531,0.051324648460062,1.0469716443376529,0.5365090283026791,0.5966472943557936,0.2501689752779512,0.0001495061287823951,0.1046739482796232,0.1162802565170047,-4.004596087137102e-05,0.061244478038128825,0.09772411392934516,0.00028487238149199623,,,,,,,
mclachlan2025,coordinate_prediction,held_biological_unit,all_coordinates,16.0,ABSOLUTE_AND_TYPE_CONTRAST,4.0,-0.7214664057442672,,0.0170033719423052,1.2328580551706558,0.5108516350525429,0.5274545875624954,,-0.5680614609488024,,0.017399526960820998,-0.1664758749267179,0.010889749485580358,0.023890233916786907,,,,,,,,
mclachlan2025,coordinate_prediction,held_biological_unit,genes,16.0,ABSOLUTE_AND_TYPE_CONTRAST,4.0,-0.7326868860983101,,0.0169133537174299,1.2344694354180048,0.5105084011214605,0.5275588528392696,,-0.5792819413028454,,0.017309508735945698,-0.16808725517406686,0.01054651555449787,0.023994499193561114,,,,,,,,
mclachlan2025,coordinate_prediction,held_biological_unit,type,16.0,ABSOLUTE_AND_TYPE_CONTRAST,4.0,-0.1534049447954648,,-0.0003961550185158,1.066382180243938,0.4999618855669626,0.5035643536457085,,0.0,,0.0,0.0,0.0,0.0,,,,,,,,
mclachlan2025,coordinate_prediction,held_biological_unit,type+genes,16.0,ABSOLUTE_AND_TYPE_CONTRAST,4.0,-0.7214664057442672,,0.0170033719423052,1.2328580551706558,0.5108516350525429,0.5274545875624954,,-0.5680614609488024,,0.017399526960820998,-0.1664758749267179,0.010889749485580358,0.023890233916786907,,,,,,,,
condylis2022,coordinate_prediction,held_biological_unit,all_coordinates,6.0,ABSOLUTE_AND_TYPE_CONTRAST,6.0,-0.1184270754003044,0.0368393728620157,0.046984228939196,1.054956423918776,0.5333689574693125,0.5376043080672505,0.2503248298362082,-0.002955972303699095,-0.0002890115785658051,-0.002951521874730696,-0.0012999242422935264,-0.002836992761316992,-0.0011254876817479165,-2.1659844968602293e-05,,,,,,,
condylis2022,coordinate_prediction,held_biological_unit,genes,6.0,ABSOLUTE_AND_TYPE_CONTRAST,6.0,-0.1178053975217935,0.036577811553062,0.0472344949887613,1.0546831460887574,0.533625088079399,0.537910304100407,0.2503101111524006,-0.0023342944251882047,-0.0005505728875195015,-0.002701255825165401,-0.0010266464122747898,-0.002580862151230434,-0.0008194916485914083,-6.941161161011511e-06,,,,,,,
condylis2022,coordinate_prediction,held_biological_unit,type,6.0,ABSOLUTE_AND_TYPE_CONTRAST,6.0,-0.1154711030966053,0.0371283844405815,0.0499357508139267,1.0536564996764826,0.5362059502306294,0.5387297957489984,0.2503031699912396,0.0,0.0,0.0,0.0,0.0,0.0,0.0,,,,,,,
condylis2022,coordinate_prediction,held_biological_unit,type+genes,6.0,ABSOLUTE_AND_TYPE_CONTRAST,6.0,-0.1184270754003044,0.0368393728620157,0.046984228939196,1.054956423918776,0.5333689574693125,0.5376043080672505,0.2503248298362082,-0.002955972303699095,-0.0002890115785658051,-0.002951521874730696,-0.0012999242422935264,-0.002836992761316992,-0.0011254876817479165,-2.1659844968602293e-05,,,,,,,
xu2020,coordinate_prediction,held_biological_unit,all_coordinates,11.0,ABSOLUTE_AND_TYPE_CONTRAST,3.0,0.0260102237045044,0.3274084915677532,0.3242232604014546,0.9835805943350414,0.7096709952502991,0.733736513541932,0.2371864057876131,0.0853012489388933,0.1594459881317905,0.1729238489838781,0.04366586072708889,0.11261341133669711,0.1351291749178779,0.009076089786969194,,,,,,,
xu2020,coordinate_prediction,held_biological_unit,genes,11.0,ABSOLUTE_AND_TYPE_CONTRAST,3.0,0.0313888325988276,0.3242183280333706,0.3211648901126315,0.9811204260808744,0.7094907176227526,0.733812694591799,0.2378501498548174,0.0906798578332165,0.1562558245974079,0.169865478695055,0.04612602898125595,0.11243313370915065,0.13520535596774486,0.008412345719764902,,,,,,,
xu2020,coordinate_prediction,held_biological_unit,type,11.0,ABSOLUTE_AND_TYPE_CONTRAST,3.0,-0.0592910252343889,0.1679625034359627,0.1512994114175765,1.0272464550621303,0.597057583913602,0.5986073386240541,0.2462624955745823,0.0,0.0,0.0,0.0,0.0,0.0,0.0,,,,,,,
xu2020,coordinate_prediction,held_biological_unit,type+genes,11.0,ABSOLUTE_AND_TYPE_CONTRAST,3.0,0.0260102237045044,0.3274084915677532,0.3242232604014546,0.9835805943350414,0.7096709952502991,0.733736513541932,0.2371864057876131,0.0853012489388933,0.1594459881317905,0.1729238489838781,0.04366586072708889,0.11261341133669711,0.1351291749178779,0.009076089786969194,,,,,,,
shainer2025,coordinate_prediction,held_biological_unit,all_coordinates,8.0,ABSOLUTE_AND_TYPE_CONTRAST,6.0,-0.0123460909694709,,0.2506510195810374,1.0043323002563105,0.6716433106283713,0.6774832827770645,,0.028929435314872697,,0.23192041512132933,0.015377085949195513,0.15833729244572914,0.16610568342828536,,,,,,,,
shainer2025,coordinate_prediction,held_biological_unit,genes,8.0,ABSOLUTE_AND_TYPE_CONTRAST,6.0,-0.0493195851191733,,0.0308645437583268,1.0236627995812777,0.5222852527985827,0.5288563880350178,,-0.008044058834829705,,0.012133939298618699,-0.003953413375771708,0.008979234615940523,0.017478788686238644,,,,,,,,
shainer2025,coordinate_prediction,held_biological_unit,genes+space,8.0,ABSOLUTE_AND_TYPE_CONTRAST,6.0,-0.0118747629553931,,0.2498643139647527,1.0041167108570903,0.6712730849779757,0.6772258817599068,,0.029400763328950495,,0.2311337095050446,0.015592675348415685,0.15796706679533346,0.1658482824111277,,,,,,,,
shainer2025,coordinate_prediction,held_biological_unit,space,8.0,ABSOLUTE_AND_TYPE_CONTRAST,6.0,0.0150875502906701,,0.2607925992495239,0.9905938489681048,0.6788896288239155,0.6874426370656957,,0.0563630765750137,,0.24206199478981583,0.029115537237401234,0.16558361064127325,0.17606503771691662,,,,,,,,
shainer2025,coordinate_prediction,held_biological_unit,type,8.0,ABSOLUTE_AND_TYPE_CONTRAST,6.0,-0.0412755262843436,,0.0187306044597081,1.019709386205506,0.5133060181826422,0.5113775993487791,,0.0,,0.0,0.0,0.0,0.0,,,,,,,,
shainer2025,coordinate_prediction,held_biological_unit,type+genes,8.0,ABSOLUTE_AND_TYPE_CONTRAST,6.0,-0.0491792913125029,,0.0286629521110377,1.0235936582711875,0.5207668049154411,0.5288388460799336,,-0.007903765028159301,,0.009932347651329599,-0.0038842720656815377,0.00746078673279893,0.017461246731154456,,,,,,,,
sorensen2026,coordinate_prediction,held_biological_unit,all_coordinates,2.0,ABSOLUTE_AND_TYPE_CONTRAST,6.0,-0.0854714729303968,0.2176066495041099,0.1943476952184382,1.0389191264482407,0.625,0.6928406084656085,0.4564918366630258,0.014002047081675711,0.1245716320120962,0.141578923732969,0.007787161655284258,0.11111111111111105,0.1587221420554754,0.0017435306639932424,,,,,,,
sorensen2026,coordinate_prediction,held_biological_unit,connectivity,2.0,ABSOLUTE_AND_TYPE_CONTRAST,6.0,-0.1068398865046406,0.2036465190889876,0.1822755417956656,1.049340506809208,0.6203703703703703,0.6930340107423442,0.4574711840819896,-0.007366366492568097,0.11061150159697389,0.12950677031019642,-0.0026342187056831445,0.1064814814814814,0.1589155443322111,0.000764183245029415,,,,,,,
sorensen2026,coordinate_prediction,held_biological_unit,genes,2.0,ABSOLUTE_AND_TYPE_CONTRAST,6.0,-0.0995795459942645,0.1141466205660213,0.0735831613347093,1.04531775624247,0.5324074074074074,0.6161696328362994,0.4564504352973562,-0.00010602598219199011,0.0211116030740076,0.020814389849240097,0.0013885318610549202,0.01851851851851849,0.08205116642616639,0.0017849320296628446,,,,,,,
sorensen2026,coordinate_prediction,held_biological_unit,genes+connectivity,2.0,ABSOLUTE_AND_TYPE_CONTRAST,6.0,-0.1079910508105563,0.2146816694767424,0.1812542999656002,1.0497276887164793,0.6180555555555556,0.6910909692159692,0.4560715792847873,-0.008517530798483788,0.12164665198472868,0.128485528480131,-0.003021400612954306,0.10416666666666663,0.1569725028058362,0.002163788042231718,,,,,,,
sorensen2026,coordinate_prediction,held_biological_unit,type,2.0,ABSOLUTE_AND_TYPE_CONTRAST,6.0,-0.0994735200120725,0.0930350174920137,0.0527687714854692,1.046706288103525,0.513888888888889,0.534118466410133,0.458235367327019,0.0,0.0,0.0,0.0,0.0,0.0,0.0,,,,,,,
sorensen2026,coordinate_prediction,held_biological_unit,type+connectivity,2.0,ABSOLUTE_AND_TYPE_CONTRAST,6.0,-0.0832502048003452,0.1981026138771828,0.2001741486068111,1.0388045619885915,0.625,0.6955637726471059,0.4580487471712653,0.016223315211727304,0.1050675963851691,0.14740537712134189,0.00790172611493345,0.11111111111111105,0.16144530623697284,0.00018662015575371393,,,,,,,
sorensen2026,coordinate_prediction,held_biological_unit,type+genes,2.0,ABSOLUTE_AND_TYPE_CONTRAST,6.0,-0.0848838069653123,0.1128974262093775,0.0823873409012728,1.0381958568693863,0.5370370370370371,0.6228274811608144,0.4569726399147895,0.014589713046760211,0.01986240871736379,0.029618569415803597,0.008510431234138638,0.02314814814814814,0.08870901475068138,0.0012627274122295473,,,,,,,
sorensen2026,coordinate_prediction,held_biological_unit,type+genes+connectivity,2.0,ABSOLUTE_AND_TYPE_CONTRAST,6.0,-0.0854714729303968,0.2176066495041099,0.1943476952184382,1.0389191264482407,0.625,0.6928406084656085,0.4564918366630258,0.014002047081675711,0.1245716320120962,0.141578923732969,0.007787161655284258,0.11111111111111105,0.1587221420554754,0.0017435306639932424,,,,,,,
allen_vc2p,relation_index,DG_assay_cohort,type_l2,,FDR_SUPPORTED,256.0,,,,,,,,,,,,,,,0.0251404909790002,0.0001999600079984,0.0008284057474219,,,,
allen_vc2p,relation_index,NS_assay_cohort,type_l2,,FDR_SUPPORTED,256.0,,,,,,,,,,,,,,,0.0547409579667644,0.0001999600079984,0.0008284057474219,,,,
allen_vc2p,relation_index,SG_assay_cohort,type_l2,,FDR_SUPPORTED,256.0,,,,,,,,,,,,,,,0.0166767738023044,0.0001999600079984,0.0008284057474219,,,,
bugeon2022,relation_index,standardized_scalar_multivariate,type_l1,feat__pupil_r;feat__speed_r;feat__mean_activity,NOT_FDR_SUPPORTED,4.0,,,,,,,,,,,,,,,0.0535714285714285,0.7922077922077922,0.9256857855361597,,,,
bugeon2022,relation_index,standardized_scalar_multivariate,type_l2,feat__pupil_r;feat__speed_r;feat__mean_activity,FDR_SUPPORTED,4.0,,,,,,,,,,,,,,,0.1119402985074626,0.0003999200159968,0.0014497100579884,,,,
bugeon2022,relation_index,standardized_scalar_multivariate,type_l3,feat__pupil_r;feat__speed_r;feat__mean_activity,NOT_FDR_SUPPORTED,4.0,,,,,,,,,,,,,,,0.0405102675793403,0.5144855144855145,0.7435897435897436,,,,
celegans_atanas2023,relation_index,standardized_scalar_multivariate,type_l1,feat__r_velocity;feat__r_head_angle;feat__r_pumping;feat__r_angular_velocity;feat__r_worm_curvature;feat__sd_z;feat__event_rate;feat__r_reversal;feat__out_degree_chem;feat__in_degree_chem;feat__degree_gap,FDR_SUPPORTED,40.0,,,,,,,,,,,,,,,0.0043463077149396,0.0001999600079984,0.0008284057474219,,,,
celegans_atanas2023,relation_index,standardized_scalar_multivariate,type_l2,feat__r_velocity;feat__r_head_angle;feat__r_pumping;feat__r_angular_velocity;feat__r_worm_curvature;feat__sd_z;feat__event_rate;feat__r_reversal;feat__out_degree_chem;feat__in_degree_chem;feat__degree_gap,FDR_SUPPORTED,40.0,,,,,,,,,,,,,,,0.0017811809666249,0.0001999600079984,0.0008284057474219,,,,
celegans_atanas2023,relation_index,standardized_scalar_multivariate,type_l3,feat__r_velocity;feat__r_head_angle;feat__r_pumping;feat__r_angular_velocity;feat__r_worm_curvature;feat__sd_z;feat__event_rate;feat__r_reversal;feat__out_degree_chem;feat__in_degree_chem;feat__degree_gap,NOT_FDR_SUPPORTED,7.0,,,,,,,,,,,,,,,0.2178489702517162,0.0389610389610389,0.091370168293245,,,,
condylis2022,relation_index,standardized_scalar_multivariate,type_l1,feat__sample_task_CW;feat__test_task_CW;feat__sample_task_CCW;feat__test_task_CCW;feat__sample_passive_CW;feat__test_passive_CW;feat__sample_passive_CCW;feat__test_passive_CCW;feat__dsi_task;feat__task_vs_passive;feat__choice_hit_minus_cr;feat__event_rate,NOT_FDR_SUPPORTED,9.0,,,,,,,,,,,,,,,0.0,1.0,1.0,,,,
fly_flyvis,relation_index,standardized_scalar_multivariate,type_l1,feat__rec_polarity;feat__in_degree_types;feat__out_degree_types;feat__in_syn_per_cell;feat__out_syn_per_cell;feat__in_syn_exc;feat__in_syn_inh;feat__in_signed_sum;feat__in_frac_inh;feat__in_from_R;feat__in_from_R1_6;feat__in_from_R7_8;feat__in_from_L;feat__out_to_T4;feat__out_to_T5;feat__in_from_T4T5;feat__in_signed_from_ON;feat__in_signed_from_OFF;feat__in_signed_from_ONpol;feat__in_signed_from_OFFpol;feat__in_rf_extent_max;feat__in_rf_extent_sum;feat__in_rf_asymmetry;feat__self_syn;feat__n_sign_fixed_inputs;feat__model_fri;feat__model_dsi_on;feat__model_dsi_off;feat__model_fri_sd;feat__model_dsi_max;feat__model_fri_best20;feat__model_dsi_on_best20;feat__model_dsi_off_best20,NOT_FDR_SUPPORTED,1.0,,,,,,,,,,,,,,,0.7102040816326529,0.9328449328449328,0.9985347985347984,,,,
fly_flyvis,relation_index,standardized_scalar_multivariate,type_l2,feat__rec_polarity;feat__in_degree_types;feat__out_degree_types;feat__in_syn_per_cell;feat__out_syn_per_cell;feat__in_syn_exc;feat__in_syn_inh;feat__in_signed_sum;feat__in_frac_inh;feat__in_from_R;feat__in_from_R1_6;feat__in_from_R7_8;feat__in_from_L;feat__out_to_T4;feat__out_to_T5;feat__in_from_T4T5;feat__in_signed_from_ON;feat__in_signed_from_OFF;feat__in_signed_from_ONpol;feat__in_signed_from_OFFpol;feat__in_rf_extent_max;feat__in_rf_extent_sum;feat__in_rf_asymmetry;feat__self_syn;feat__n_sign_fixed_inputs;feat__model_fri;feat__model_dsi_on;feat__model_dsi_off;feat__model_fri_sd;feat__model_dsi_max;feat__model_fri_best20;feat__model_dsi_on_best20;feat__model_dsi_off_best20,NOT_FDR_SUPPORTED,1.0,,,,,,,,,,,,,,,0.2357142857142857,0.7522477522477522,0.9256857855361597,,,,
fly_flyvis,relation_index,standardized_scalar_multivariate,type_l3,feat__rec_polarity;feat__in_degree_types;feat__out_degree_types;feat__in_syn_per_cell;feat__out_syn_per_cell;feat__in_syn_exc;feat__in_syn_inh;feat__in_signed_sum;feat__in_frac_inh;feat__in_from_R;feat__in_from_R1_6;feat__in_from_R7_8;feat__in_from_L;feat__out_to_T4;feat__out_to_T5;feat__in_from_T4T5;feat__in_signed_from_ON;feat__in_signed_from_OFF;feat__in_signed_from_ONpol;feat__in_signed_from_OFFpol;feat__in_rf_extent_max;feat__in_rf_extent_sum;feat__in_rf_asymmetry;feat__self_syn;feat__n_sign_fixed_inputs;feat__model_fri;feat__model_dsi_on;feat__model_dsi_off;feat__model_fri_sd;feat__model_dsi_max;feat__model_fri_best20;feat__model_dsi_on_best20;feat__model_dsi_off_best20,NOT_FDR_SUPPORTED,1.0,,,,,,,,,,,,,,,0.7499999999999999,0.6666666666666666,0.8787878787878788,,,,
fly_turner2021,relation_index,standardized_scalar_multivariate,type_l1,feat__fc_mean;feat__fc_median;feat__fc_max;feat__fc_min;feat__out_degree;feat__in_degree;feat__out_strength_cells;feat__in_strength_cells;feat__out_strength_tbar;feat__in_strength_tbar;feat__self_cells;feat__fc_to_AOTU_R;feat__fc_to_ATL_R;feat__fc_to_ATL_L;feat__fc_to_AVLP_R;feat__fc_to_BU_R;feat__fc_to_BU_L;feat__fc_to_CAN_R;feat__fc_to_CRE_R;feat__fc_to_CRE_L;feat__fc_to_EB;feat__fc_to_EPA_R;feat__fc_to_FB;feat__fc_to_GOR_R;feat__fc_to_GOR_L;feat__fc_to_IB_R;feat__fc_to_IB_L;feat__fc_to_ICL_R;feat__fc_to_LAL_R;feat__fc_to_LH_R;feat__fc_to_MB_CA_R;feat__fc_to_MB_ML_R;feat__fc_to_MB_ML_L;feat__fc_to_MB_PED_R;feat__fc_to_MB_VL_R;feat__fc_to_NO;feat__fc_to_PB;feat__fc_to_PLP_R;feat__fc_to_PVLP_R;feat__fc_to_SCL_R;feat__fc_to_SIP_R;feat__fc_to_SLP_R;feat__fc_to_SMP_R;feat__fc_to_SMP_L;feat__fc_to_SPS_R;feat__fc_to_VES_R;feat__fc_to_WED_R;feat__fc_to_AL_R,NOT_FDR_SUPPORTED,20.0,,,,,,,,,,,,,,,0.3338567624769578,0.3776223776223776,0.5855197434144802,,,,
fly_turner2021,relation_index,standardized_scalar_multivariate,type_l2,feat__fc_mean;feat__fc_median;feat__fc_max;feat__fc_min;feat__out_degree;feat__in_degree;feat__out_strength_cells;feat__in_strength_cells;feat__out_strength_tbar;feat__in_strength_tbar;feat__self_cells;feat__fc_to_AOTU_R;feat__fc_to_ATL_R;feat__fc_to_ATL_L;feat__fc_to_AVLP_R;feat__fc_to_BU_R;feat__fc_to_BU_L;feat__fc_to_CAN_R;feat__fc_to_CRE_R;feat__fc_to_CRE_L;feat__fc_to_EB;feat__fc_to_EPA_R;feat__fc_to_FB;feat__fc_to_GOR_R;feat__fc_to_GOR_L;feat__fc_to_IB_R;feat__fc_to_IB_L;feat__fc_to_ICL_R;feat__fc_to_LAL_R;feat__fc_to_LH_R;feat__fc_to_MB_CA_R;feat__fc_to_MB_ML_R;feat__fc_to_MB_ML_L;feat__fc_to_MB_PED_R;feat__fc_to_MB_VL_R;feat__fc_to_NO;feat__fc_to_PB;feat__fc_to_PLP_R;feat__fc_to_PVLP_R;feat__fc_to_SCL_R;feat__fc_to_SIP_R;feat__fc_to_SLP_R;feat__fc_to_SMP_R;feat__fc_to_SMP_L;feat__fc_to_SPS_R;feat__fc_to_VES_R;feat__fc_to_WED_R;feat__fc_to_AL_R,NOT_FDR_SUPPORTED,20.0,,,,,,,,,,,,,,,0.1754836070066858,0.0549450549450549,0.1062271062271061,,,,
fly_turner2021,relation_index,standardized_scalar_multivariate,type_l3,feat__fc_mean;feat__fc_median;feat__fc_max;feat__fc_min;feat__out_degree;feat__in_degree;feat__out_strength_cells;feat__in_strength_cells;feat__out_strength_tbar;feat__in_strength_tbar;feat__self_cells;feat__fc_to_AOTU_R;feat__fc_to_ATL_R;feat__fc_to_ATL_L;feat__fc_to_AVLP_R;feat__fc_to_BU_R;feat__fc_to_BU_L;feat__fc_to_CAN_R;feat__fc_to_CRE_R;feat__fc_to_CRE_L;feat__fc_to_EB;feat__fc_to_EPA_R;feat__fc_to_FB;feat__fc_to_GOR_R;feat__fc_to_GOR_L;feat__fc_to_IB_R;feat__fc_to_IB_L;feat__fc_to_ICL_R;feat__fc_to_LAL_R;feat__fc_to_LH_R;feat__fc_to_MB_CA_R;feat__fc_to_MB_ML_R;feat__fc_to_MB_ML_L;feat__fc_to_MB_PED_R;feat__fc_to_MB_VL_R;feat__fc_to_NO;feat__fc_to_PB;feat__fc_to_PLP_R;feat__fc_to_PVLP_R;feat__fc_to_SCL_R;feat__fc_to_SIP_R;feat__fc_to_SLP_R;feat__fc_to_SMP_R;feat__fc_to_SMP_L;feat__fc_to_SPS_R;feat__fc_to_VES_R;feat__fc_to_WED_R;feat__fc_to_AL_R,NOT_FDR_SUPPORTED,20.0,,,,,,,,,,,,,,,0.6666666666666666,0.964102564102564,0.9985347985347984,,,,
habenula_dandi000302,relation_index,standardized_scalar_multivariate,type_l1,feat__trialmod_type1;feat__trialmod_type2;feat__trialmod_type3;feat__reward_response;feat__lick_response;feat__rate_hz,NOT_FDR_SUPPORTED,12.0,,,,,,,,,,,,,,,0.0006411160809787,0.0409590409590409,0.091370168293245,,,,
habenula_dandi000302,relation_index,standardized_scalar_multivariate,type_l2,feat__trialmod_type1;feat__trialmod_type2;feat__trialmod_type3;feat__reward_response;feat__lick_response;feat__rate_hz,FDR_SUPPORTED,12.0,,,,,,,,,,,,,,,0.0009966596836704,0.0061987602479504,0.0199737830211735,,,,
mclachlan2025,relation_index,standardized_scalar_multivariate,type_l1,feat__dAIC_ang_acc_neg;feat__dAIC_median_ang_acc_neg;feat__dAIC_slope_ang_acc_neg;feat__sigfrac_ang_acc_neg;feat__dAIC_ang_acc_pos;feat__dAIC_median_ang_acc_pos;feat__dAIC_slope_ang_acc_pos;feat__sigfrac_ang_acc_pos;feat__dAIC_coupling;feat__dAIC_median_coupling;feat__dAIC_slope_coupling;feat__sigfrac_coupling;feat__dAIC_dec_correct_report;feat__dAIC_median_dec_correct_report;feat__dAIC_slope_dec_correct_report;feat__sigfrac_dec_correct_report;feat__dAIC_dec_correct_test;feat__dAIC_median_dec_correct_test;feat__dAIC_slope_dec_correct_test;feat__sigfrac_dec_correct_test;feat__dAIC_dec_hit_report;feat__dAIC_median_dec_hit_report;feat__dAIC_slope_dec_hit_report;feat__sigfrac_dec_hit_report;feat__dAIC_dec_hit_t_r;feat__dAIC_median_dec_hit_t_r;feat__dAIC_slope_dec_hit_t_r;feat__sigfrac_dec_hit_t_r;feat__dAIC_dec_hit_test;feat__dAIC_median_dec_hit_test;feat__dAIC_slope_dec_hit_test;feat__sigfrac_dec_hit_test;feat__dAIC_dir_sample;feat__dAIC_median_dir_sample;feat__dAIC_slope_dir_sample;feat__sigfrac_dir_sample;feat__dAIC_dir_test;feat__dAIC_median_dir_test;feat__dAIC_slope_dir_test;feat__sigfrac_dir_test;feat__dAIC_direction;feat__dAIC_median_direction;feat__dAIC_slope_direction;feat__sigfrac_direction;feat__dAIC_rotor_vel_neg;feat__dAIC_median_rotor_vel_neg;feat__dAIC_slope_rotor_vel_neg;feat__sigfrac_rotor_vel_neg;feat__dAIC_rotor_vel_pos;feat__dAIC_median_rotor_vel_pos;feat__dAIC_slope_rotor_vel_pos;feat__sigfrac_rotor_vel_pos;feat__dAIC_speed;feat__dAIC_median_speed;feat__dAIC_slope_speed;feat__sigfrac_speed;feat__dAIC_speed_sample;feat__dAIC_median_speed_sample;feat__dAIC_slope_speed_sample;feat__sigfrac_speed_sample;feat__dAIC_speed_test;feat__dAIC_median_speed_test;feat__dAIC_slope_speed_test;feat__sigfrac_speed_test;feat__deviance_explained;feat__deviance_explained_median;feat__deviance_explained_slope,NOT_FDR_SUPPORTED,4.0,,,,,,,,,,,,,,,1.0,0.7980049875311721,0.9256857855361597,,,,
neuroplex2026,relation_index,standardized_scalar_multivariate,type_l1,feat__event_rate_per_min;feat__mean_raw;feat__sd_raw;feat__skew;feat__autocorr_1s;feat__pop_coupling;feat__beh_Train:SideAttack;feat__beh_Train:SideSniff1;feat__beh_Train:follow1;feat__beh_Train:nose2rear1;feat__beh_Train:nosey1;feat__beh_Train:walk;feat__beh_Train:wallclimb;feat__beh_Acc:walk;feat__beh_Acc:wallclimb,NOT_FDR_SUPPORTED,5.0,,,,,,,,,,,,,,,0.1248239662015106,0.0549450549450549,0.1062271062271061,,,,
neuroplex2026,relation_index,standardized_scalar_multivariate,type_l2,feat__event_rate_per_min;feat__mean_raw;feat__sd_raw;feat__skew;feat__autocorr_1s;feat__pop_coupling;feat__beh_Train:SideAttack;feat__beh_Train:SideSniff1;feat__beh_Train:follow1;feat__beh_Train:nose2rear1;feat__beh_Train:nosey1;feat__beh_Train:walk;feat__beh_Train:wallclimb;feat__beh_Acc:walk;feat__beh_Acc:wallclimb,NOT_FDR_SUPPORTED,5.0,,,,,,,,,,,,,,,1.0,0.0699300699300699,0.1267482517482517,,,,
neuroplex2026,relation_index,standardized_scalar_multivariate,type_l3,feat__event_rate_per_min;feat__mean_raw;feat__sd_raw;feat__skew;feat__autocorr_1s;feat__pop_coupling;feat__beh_Train:SideAttack;feat__beh_Train:SideSniff1;feat__beh_Train:follow1;feat__beh_Train:nose2rear1;feat__beh_Train:nosey1;feat__beh_Train:walk;feat__beh_Train:wallclimb;feat__beh_Acc:walk;feat__beh_Acc:wallclimb,NOT_FDR_SUPPORTED,5.0,,,,,,,,,,,,,,,0.125,0.92007992007992,0.9985347985347984,,,,
shainer2025,relation_index,standardized_scalar_multivariate,type_l1,feat__regsc_dot_small_cw;feat__regsc_dot_small_ccw;feat__regsc_dot_large_cw;feat__regsc_dot_large_ccw;feat__regsc_dim_off;feat__regsc_dim_on;feat__regsc_grating;feat__regsc_loom;feat__rs_dotmax;feat__rs_dimmax;feat__snr;feat__dff;feat__baseline;feat__peak_dot_size_cw;feat__peak_dot_size_ccw,NOT_FDR_SUPPORTED,6.0,,,,,,,,,,,,,,,0.0380952380952381,0.5384615384615384,0.7435897435897436,,,,
shainer2025,relation_index,standardized_scalar_multivariate,type_l2,feat__regsc_dot_small_cw;feat__regsc_dot_small_ccw;feat__regsc_dot_large_cw;feat__regsc_dot_large_ccw;feat__regsc_dim_off;feat__regsc_dim_on;feat__regsc_grating;feat__regsc_loom;feat__rs_dotmax;feat__rs_dimmax;feat__snr;feat__dff;feat__baseline;feat__peak_dot_size_cw;feat__peak_dot_size_ccw,NOT_FDR_SUPPORTED,6.0,,,,,,,,,,,,,,,0.0399345517069247,0.3836163836163836,0.5855197434144802,,,,
warp2026,relation_index,standardized_scalar_multivariate,type_l1,feat__r_omr_backward;feat__r_omr_backward_delay;feat__r_omr_backward_mix;feat__high_corr_omr_backward;feat__r_omr_forward;feat__r_omr_forward_delay;feat__r_omr_forward_mix;feat__high_corr_omr_forward;feat__r_omr_right;feat__r_omr_right_delay;feat__r_omr_right_mix;feat__high_corr_omr_right;feat__r_omr_left;feat__r_omr_left_delay;feat__r_omr_left_mix;feat__high_corr_omr_left;feat__r_looming_left;feat__r_looming_left_delay;feat__r_looming_left_mix;feat__high_corr_looming_left;feat__r_looming_right;feat__r_looming_right_delay;feat__r_looming_right_mix;feat__high_corr_looming_right;feat__r_dark_flash;feat__r_dark_flash_delay;feat__r_dark_flash_mix;feat__high_corr_dark_flash;feat__r_light_flash;feat__r_light_flash_delay;feat__r_light_flash_mix;feat__high_corr_light_flash;feat__swim_corr,FDR_SUPPORTED,3.0,,,,,,,,,,,,,,,0.0001768309680675,0.0001999600079984,0.0008284057474219,,,,
warp2026,relation_index,standardized_scalar_multivariate,type_l2,feat__r_omr_backward;feat__r_omr_backward_delay;feat__r_omr_backward_mix;feat__high_corr_omr_backward;feat__r_omr_forward;feat__r_omr_forward_delay;feat__r_omr_forward_mix;feat__high_corr_omr_forward;feat__r_omr_right;feat__r_omr_right_delay;feat__r_omr_right_mix;feat__high_corr_omr_right;feat__r_omr_left;feat__r_omr_left_delay;feat__r_omr_left_mix;feat__high_corr_omr_left;feat__r_looming_left;feat__r_looming_left_delay;feat__r_looming_left_mix;feat__high_corr_looming_left;feat__r_looming_right;feat__r_looming_right_delay;feat__r_looming_right_mix;feat__high_corr_looming_right;feat__r_dark_flash;feat__r_dark_flash_delay;feat__r_dark_flash_mix;feat__high_corr_dark_flash;feat__r_light_flash;feat__r_light_flash_delay;feat__r_light_flash_mix;feat__high_corr_light_flash;feat__swim_corr,FDR_SUPPORTED,3.0,,,,,,,,,,,,,,,0.015197657969192,0.0095980803839232,0.0278344331133772,,,,
warp2026,relation_index,standardized_scalar_multivariate,type_l3,feat__r_omr_backward;feat__r_omr_backward_delay;feat__r_omr_backward_mix;feat__high_corr_omr_backward;feat__r_omr_forward;feat__r_omr_forward_delay;feat__r_omr_forward_mix;feat__high_corr_omr_forward;feat__r_omr_right;feat__r_omr_right_delay;feat__r_omr_right_mix;feat__high_corr_omr_right;feat__r_omr_left;feat__r_omr_left_delay;feat__r_omr_left_mix;feat__high_corr_omr_left;feat__r_looming_left;feat__r_looming_left_delay;feat__r_looming_left_mix;feat__high_corr_looming_left;feat__r_looming_right;feat__r_looming_right_delay;feat__r_looming_right_mix;feat__high_corr_looming_right;feat__r_dark_flash;feat__r_dark_flash_delay;feat__r_dark_flash_mix;feat__high_corr_dark_flash;feat__r_light_flash;feat__r_light_flash_delay;feat__r_light_flash_mix;feat__high_corr_light_flash;feat__swim_corr,FDR_SUPPORTED,3.0,,,,,,,,,,,,,,,0.0001768309680675,0.0001999600079984,0.0008284057474219,,,,
xu2020,relation_index,native_state_aggregated,type_l2,,FDR_SUPPORTED,3.0,,,,,,,,,,,,,,,0.0411373260738052,0.0157968406318736,0.0416462162113031,,,,
zhao2026,relation_index,standardized_scalar_multivariate,type_l1,feat__evoked_checkerboard;feat__evoked_grating_up;feat__evoked_grating_down;feat__evoked_grating_left;feat__evoked_grating_right;feat__glm_label;feat__facemotion_r;feat__event_rate,NOT_FDR_SUPPORTED,9.0,,,,,,,,,,,,,,,0.2631578947368421,0.3386613386613387,0.5777164012458131,,,,
mclachlan2025,information_criterion,same typed ROI subset; OLS Gaussian AIC; positive type-gene delta favors genes,,feat__dAIC_ang_acc_neg,PAPER_NATIVE_REPRODUCTION,,,,,,,,,,,,,,,,,,,12.560872172943164,0.1408490084945969,,
mclachlan2025,information_criterion,same typed ROI subset; OLS Gaussian AIC; positive type-gene delta favors genes,,feat__dAIC_ang_acc_pos,PAPER_NATIVE_REPRODUCTION,,,,,,,,,,,,,,,,,,,-13.44141597740918,-0.0093350337349845,,
mclachlan2025,information_criterion,same typed ROI subset; OLS Gaussian AIC; positive type-gene delta favors genes,,feat__dAIC_coupling,PAPER_NATIVE_REPRODUCTION,,,,,,,,,,,,,,,,,,,15.233074434956391,0.1613136943484047,,
mclachlan2025,information_criterion,same typed ROI subset; OLS Gaussian AIC; positive type-gene delta favors genes,,feat__dAIC_dec_correct_report,PAPER_NATIVE_REPRODUCTION,,,,,,,,,,,,,,,,,,,-15.433925905826982,-0.0201592769690542,,
mclachlan2025,information_criterion,same typed ROI subset; OLS Gaussian AIC; positive type-gene delta favors genes,,feat__dAIC_dec_correct_test,PAPER_NATIVE_REPRODUCTION,,,,,,,,,,,,,,,,,,,1.8960772288977523,0.0756608342285813,,
mclachlan2025,information_criterion,same typed ROI subset; OLS Gaussian AIC; positive type-gene delta favors genes,,feat__dAIC_dec_hit_report,PAPER_NATIVE_REPRODUCTION,,,,,,,,,,,,,,,,,,,-7.239665238435805,0.0304502091012022,,
mclachlan2025,information_criterion,same typed ROI subset; OLS Gaussian AIC; positive type-gene delta favors genes,,feat__dAIC_dec_hit_t_r,PAPER_NATIVE_REPRODUCTION,,,,,,,,,,,,,,,,,,,-7.295352595160807,0.030071247432642,,
mclachlan2025,information_criterion,same typed ROI subset; OLS Gaussian AIC; positive type-gene delta favors genes,,feat__dAIC_dec_hit_test,PAPER_NATIVE_REPRODUCTION,,,,,,,,,,,,,,,,,,,-6.886239965398715,0.0298710930302968,,
mclachlan2025,information_criterion,same typed ROI subset; OLS Gaussian AIC; positive type-gene delta favors genes,,feat__dAIC_dir_sample,PAPER_NATIVE_REPRODUCTION,,,,,,,,,,,,,,,,,,,0.3588489054134243,0.0743388022223772,,
mclachlan2025,information_criterion,same typed ROI subset; OLS Gaussian AIC; positive type-gene delta favors genes,,feat__dAIC_dir_test,PAPER_NATIVE_REPRODUCTION,,,,,,,,,,,,,,,,,,,-1.3714928467762206,0.0599843044419193,,
mclachlan2025,information_criterion,same typed ROI subset; OLS Gaussian AIC; positive type-gene delta favors genes,,feat__dAIC_direction,PAPER_NATIVE_REPRODUCTION,,,,,,,,,,,,,,,,,,,6.375684175892502,0.10521167471668,,
mclachlan2025,information_criterion,same typed ROI subset; OLS Gaussian AIC; positive type-gene delta favors genes,,feat__dAIC_rotor_vel_neg,PAPER_NATIVE_REPRODUCTION,,,,,,,,,,,,,,,,,,,-19.73687344732764,-0.0501650939972396,,
mclachlan2025,information_criterion,same typed ROI subset; OLS Gaussian AIC; positive type-gene delta favors genes,,feat__dAIC_rotor_vel_pos,PAPER_NATIVE_REPRODUCTION,,,,,,,,,,,,,,,,,,,-18.159460862360103,-0.0431897509207784,,
mclachlan2025,information_criterion,same typed ROI subset; OLS Gaussian AIC; positive type-gene delta favors genes,,feat__dAIC_speed,PAPER_NATIVE_REPRODUCTION,,,,,,,,,,,,,,,,,,,2.693641789628373,0.092094245413594,,
mclachlan2025,information_criterion,same typed ROI subset; OLS Gaussian AIC; positive type-gene delta favors genes,,feat__dAIC_speed_sample,PAPER_NATIVE_REPRODUCTION,,,,,,,,,,,,,,,,,,,-0.2062276723370359,0.074195285032884,,
mclachlan2025,information_criterion,same typed ROI subset; OLS Gaussian AIC; positive type-gene delta favors genes,,feat__dAIC_speed_test,PAPER_NATIVE_REPRODUCTION,,,,,,,,,,,,,,,,,,,0.2396182787276757,0.0735724538521167,,
mclachlan2025,rank_biserial_effect,within-animal high-vs-low gene-expression quartiles,Bdnf,hit_test_report,PAPER_NAMED_NETWORK,,,,,,,,,,,,,,,,,,,,,-0.0030260936779413,0.5
mclachlan2025,rank_biserial_effect,within-animal high-vs-low gene-expression quartiles,Bdnf,coupling,PAPER_NAMED_NETWORK,,,,,,,,,,,,,,,,,,,,,0.0270374082992401,0.5
mclachlan2025,rank_biserial_effect,within-animal high-vs-low gene-expression quartiles,Nptx2,hit_test_report,PAPER_NAMED_NETWORK,,,,,,,,,,,,,,,,,,,,,0.0537686074460486,0.75
mclachlan2025,rank_biserial_effect,within-animal high-vs-low gene-expression quartiles,Nptx2,coupling,PAPER_NAMED_NETWORK,,,,,,,,,,,,,,,,,,,,,0.0933353487896816,0.75
mclachlan2025,rank_biserial_effect,within-animal high-vs-low gene-expression quartiles,Nr4a1,hit_test_report,PAPER_NAMED_NETWORK,,,,,,,,,,,,,,,,,,,,,0.1732969046338265,1.0
mclachlan2025,rank_biserial_effect,within-animal high-vs-low gene-expression quartiles,Nr4a1,coupling,PAPER_NAMED_NETWORK,,,,,,,,,,,,,,,,,,,,,0.190958273682528,1.0
allen_vc2p,information_criterion,same typed rows; OLS Gaussian AIC; positive type-gene delta favors genes,all measured genes,clean_scalar_features:type_l1,MULTIDATASET_SAME_SAMPLE_AIC,,,,,,,,,,,,,,,,,,,-2.0,0.0,,0.0
allen_vc2p,information_criterion,same typed rows; OLS Gaussian AIC; positive type-gene delta favors genes,all measured genes,clean_scalar_features:type_l2,MULTIDATASET_SAME_SAMPLE_AIC,,,,,,,,,,,,,,,,,,,-2.0,0.0,,0.0
bugeon2022,information_criterion,same typed rows; OLS Gaussian AIC; positive type-gene delta favors genes,all measured genes,state_behavior:type_l1,MULTIDATASET_SAME_SAMPLE_AIC,,,,,,,,,,,,,,,,,,,36.67376378693643,0.1306171826349842,,0.8
bugeon2022,information_criterion,same typed rows; OLS Gaussian AIC; positive type-gene delta favors genes,all measured genes,state_behavior:type_l2,MULTIDATASET_SAME_SAMPLE_AIC,,,,,,,,,,,,,,,,,,,2.9919572306371265,0.0937892859735085,,0.6
celegans_atanas2023,information_criterion,same typed rows; OLS Gaussian AIC; positive type-gene delta favors genes,all measured genes,worm_behavior5:type_l1,MULTIDATASET_SAME_SAMPLE_AIC,,,,,,,,,,,,,,,,,,,-3317.843521451963,-0.0132619705819566,,0.0
celegans_atanas2023,information_criterion,same typed rows; OLS Gaussian AIC; positive type-gene delta favors genes,all measured genes,worm_behavior5:type_l2,MULTIDATASET_SAME_SAMPLE_AIC,,,,,,,,,,,,,,,,,,,-3663.204901862369,-0.0925743497800212,,0.0
condylis2022,information_criterion,same typed rows; OLS Gaussian AIC; positive type-gene delta favors genes,all measured genes,state_mean:type_l1,MULTIDATASET_SAME_SAMPLE_AIC,,,,,,,,,,,,,,,,,,,-2.0,0.0,,0.0
mergeseq2024,information_criterion,same typed rows; OLS Gaussian AIC; positive type-gene delta favors genes,all measured genes,projection:type_l2,MULTIDATASET_SAME_SAMPLE_AIC,,,,,,,,,,,,,,,,,,,2049.667158233715,0.4738982827943009,,1.0
shainer2025,information_criterion,same typed rows; OLS Gaussian AIC; positive type-gene delta favors genes,all measured genes,visual_regressors:type_l1,MULTIDATASET_SAME_SAMPLE_AIC,,,,,,,,,,,,,,,,,,,1.30053182067968,0.0024985392584106,,0.5
shainer2025,information_criterion,same typed rows; OLS Gaussian AIC; positive type-gene delta favors genes,all measured genes,visual_regressors:type_l2,MULTIDATASET_SAME_SAMPLE_AIC,,,,,,,,,,,,,,,,,,,8.826246217737662,-0.0038798997809683,,0.875
sorensen2026,information_criterion,same typed rows; OLS Gaussian AIC; positive type-gene delta favors genes,all measured genes,response_coordinates:type_l2,MULTIDATASET_SAME_SAMPLE_AIC,,,,,,,,,,,,,,,,,,,0.5801177991997122,0.0379490393986873,,0.5
warp2026,information_criterion,same typed rows; OLS Gaussian AIC; positive type-gene delta favors genes,all measured genes,warp_behavior_axes:type_l1,MULTIDATASET_SAME_SAMPLE_AIC,,,,,,,,,,,,,,,,,,,-970.3929461390944,-0.0057868296936495,,0.0
warp2026,information_criterion,same typed rows; OLS Gaussian AIC; positive type-gene delta favors genes,all measured genes,warp_behavior_axes:type_l2,MULTIDATASET_SAME_SAMPLE_AIC,,,,,,,,,,,,,,,,,,,-7355.120201060316,-0.0235166321740295,,0.0
xu2020,information_criterion,same typed rows; OLS Gaussian AIC; positive type-gene delta favors genes,all measured genes,state_mean:type_l2,MULTIDATASET_SAME_SAMPLE_AIC,,,,,,,,,,,,,,,,,,,23.69896316493009,0.0587696311554977,,0.9090909090909092
zhao2026,information_criterion,same typed rows; OLS Gaussian AIC; positive type-gene delta favors genes,all measured genes,state_mean:type_l1,MULTIDATASET_SAME_SAMPLE_AIC,,,,,,,,,,,,,,,,,,,-22.427549086286035,0.2229781547012715,,0.0
allen_vc2p,rank_biserial_effect,"within-biological-unit high-vs-low expression quartiles; full scan, top pair not confirmatory; reason=categorical_one_hot_quartiles_undefined",variance-only gene scan,clean_scalar_features,NOT_APPLICABLE,,,,,,,,,,,,,,,,,,,,,,
bugeon2022,rank_biserial_effect,"within-biological-unit high-vs-low expression quartiles; full scan, top pair not confirmatory; reason=nan",variance-only gene scan,state_behavior,EXPLORATORY_FULL_SCAN,,,,,,,,,,,,,,,,,,,,,0.1445594931066323,
celegans_atanas2023,rank_biserial_effect,"within-biological-unit high-vs-low expression quartiles; full scan, top pair not confirmatory; reason=nan",variance-only gene scan,worm_behavior5,EXPLORATORY_FULL_SCAN,,,,,,,,,,,,,,,,,,,,,0.0947945205479452,
condylis2022,rank_biserial_effect,"within-biological-unit high-vs-low expression quartiles; full scan, top pair not confirmatory; reason=categorical_one_hot_quartiles_undefined",variance-only gene scan,state_mean,NOT_APPLICABLE,,,,,,,,,,,,,,,,,,,,,,
mergeseq2024,rank_biserial_effect,"within-biological-unit high-vs-low expression quartiles; full scan, top pair not confirmatory; reason=nan",variance-only gene scan,projection,EXPLORATORY_FULL_SCAN,,,,,,,,,,,,,,,,,,,,,0.3377706764945108,
shainer2025,rank_biserial_effect,"within-biological-unit high-vs-low expression quartiles; full scan, top pair not confirmatory; reason=nan",variance-only gene scan,visual_regressors,EXPLORATORY_FULL_SCAN,,,,,,,,,,,,,,,,,,,,,0.0741743690977783,
sorensen2026,rank_biserial_effect,"within-biological-unit high-vs-low expression quartiles; full scan, top pair not confirmatory; reason=no_nonoverlapping_within_unit_quartiles",variance-only gene scan,response_coordinates,NO_VALID_QUARTILES,,,,,,,,,,,,,,,,,,,,,,
warp2026,rank_biserial_effect,"within-biological-unit high-vs-low expression quartiles; full scan, top pair not confirmatory; reason=nan",variance-only gene scan,warp_behavior_axes,EXPLORATORY_FULL_SCAN,,,,,,,,,,,,,,,,,,,,,0.0198227153488785,
xu2020,rank_biserial_effect,"within-biological-unit high-vs-low expression quartiles; full scan, top pair not confirmatory; reason=nan",variance-only gene scan,state_mean,EXPLORATORY_FULL_SCAN,,,,,,,,,,,,,,,,,,,,,0.2083333333333333,
zhao2026,rank_biserial_effect,"within-biological-unit high-vs-low expression quartiles; full scan, top pair not confirmatory; reason=nan",variance-only gene scan,state_mean,EXPLORATORY_FULL_SCAN,,,,,,,,,,,,,,,,,,,,,0.0984898589065255,
