dataset,dataset_key,tier,fold,held_group,baseline,candidate,candidate_label,source,baseline_rho_macro,candidate_rho_macro,improvement_rho_macro,baseline_pearson_macro,candidate_pearson_macro,improvement_pearson_macro,baseline_ext_auc_macro,candidate_ext_auc_macro,improvement_ext_auc_macro,baseline_ext_ap_macro,candidate_ext_ap_macro,improvement_ext_ap_macro,baseline_r2_macro,candidate_r2_macro,improvement_r2_macro,baseline_nrmse_macro,candidate_nrmse_macro,improvement_nrmse_macro
Bugeon 2022,bugeon2022,core,0,SB025,type,genes,genes,results\public_coordinates_core_20261003\bugeon2022\coordinate_models_folds.csv,0.368661161086073,0.3894809668428464,0.02081980575677339,0.3270192145014898,0.3553380409247294,0.02831882642323963,0.7285492801090097,0.7405308067375886,0.011981526628578987,0.6999762214031351,0.7460076439775398,0.046031422574404735,-0.409553998355833,-0.4150170619933039,-0.0054630636374709,1.1610140919914462,1.1604162223047532,0.0005978696866930644
Bugeon 2022,bugeon2022,core,1,SB026,type,genes,genes,results\public_coordinates_core_20261003\bugeon2022\coordinate_models_folds.csv,0.4380595093103235,0.3956154718434558,-0.0424440374668677,0.4054603028816554,0.3796747591456283,-0.025785543736027094,0.7461005784803151,0.7431457095364646,-0.0029548689438504416,0.7120458655932724,0.7275030151086103,0.015457149515337831,0.1396983866998412,0.0760810475969199,-0.06361733910292129,0.926320641203838,0.960055787564816,-0.033735146360978074
Bugeon 2022,bugeon2022,core,2,SB030,type,genes,genes,results\public_coordinates_core_20261003\bugeon2022\coordinate_models_folds.csv,0.2855359296249522,0.3363709160794362,0.05083498645448398,0.2864924076647324,0.3361428735692067,0.049650465904474306,0.6816177777777779,0.7104000000000001,0.028782222222222265,0.6476694641339142,0.6849182613354934,0.03724879720157914,0.0322619459728886,0.0382428015484484,0.0059808555755597945,0.9823222109278426,0.9793208160902104,0.0030013948376321764
Bugeon 2022,bugeon2022,core,3,SB028,type,genes,genes,results\public_coordinates_core_20261003\bugeon2022\coordinate_models_folds.csv,0.4005684658795672,0.4631576948827357,0.06258922900316854,0.374795742712566,0.4256904349114586,0.05089469219889259,0.7591836734693878,0.803339517625232,0.04415584415584428,0.7192841647928421,0.7804189582747639,0.061134793481921856,-0.1438373806472072,-0.1478678410556527,-0.004030460408445513,1.0639886909369798,1.0658007766799198,-0.0018120857429400061
Xu 2020 PVH,xu2020,core,0,1,type,type+genes,type + genes,results\public_coordinates_core_20261003\xu2020\coordinate_models_folds.csv,0.2217760694561955,0.3958404948666079,0.1740644254104124,0.2110660598868648,0.406456277220067,0.1953902173332022,0.6435546875,0.7624289772727273,0.11887428977272729,0.6389355920079388,0.7876073338174856,0.1486717418095468,-0.0410896966599744,0.0702200859480213,0.1113097826079957,1.0181615352932405,0.9603157441670565,0.05784579112618404
Xu 2020 PVH,xu2020,core,1,2,type,type+genes,type + genes,results\public_coordinates_core_20261003\xu2020\coordinate_models_folds.csv,0.1121138853833307,0.2731983700682994,0.1610844846849687,0.1313111519840582,0.2841108693810088,0.1527997173969506,0.5690252130681818,0.6653941761363636,0.09636896306818188,0.5684480452361247,0.6981816867736512,0.12973364153752653,-0.1010427721351528,-0.0292428631006664,0.0717999090344864,1.04731753553294,1.010564407385628,0.03675312814731213
Xu 2020 PVH,xu2020,core,2,3,type,type+genes,type + genes,results\public_coordinates_core_20261003\xu2020\coordinate_models_folds.csv,0.1200082794132033,0.3036309162694566,0.1836226368562533,0.1615102984369652,0.2916583281021838,0.13014802966521857,0.578592851172624,0.7011898323418063,0.12259698116918227,0.588438378628099,0.7154205200346595,0.1269821414065605,-0.0357406069080396,0.0370534482661584,0.072794055174198,1.0162602943602106,0.9798616314524397,0.03639866290777094
Shainer 2025,shainer2025,core,0,20210225_F1,type,space,space,results\coordinates_public_shainer_20261003\coordinate_models_folds.csv,0.0221604328009943,0.1643023961644906,0.1421419633634963,0.0515155133882658,0.1498003777939728,0.098284864405707,0.5114583333333333,0.6069097222222222,0.09545138888888882,0.50760562181003,0.6231278079206759,0.11552218611064591,-0.0682870352300301,-0.0497401032409437,0.0185469319890864,1.0321644279964652,1.0233199716267394,0.008844456369725862
Shainer 2025,shainer2025,core,1,20210225_F2,type,space,space,results\coordinates_public_shainer_20261003\coordinate_models_folds.csv,0.0542665910735674,0.3209057743813057,0.2666391833077383,0.0919765755904247,0.2869567948502662,0.1949802192598415,0.5343176020408164,0.7145982142857144,0.180280612244898,0.5216345261238615,0.7061694129997031,0.18453488687584163,-0.0262239494897339,0.0575384352531974,0.0837623847429313,1.0127747791148574,0.970435006304069,0.04233977281078838
Shainer 2025,shainer2025,core,2,20210225_F3,type,space,space,results\coordinates_public_shainer_20261003\coordinate_models_folds.csv,0.0853730293447014,0.314687731360214,0.2293147020155126,0.1236304796830927,0.2963107760346172,0.1726802963515245,0.5555140560558876,0.7212250652301995,0.16571100917431192,0.5377393480683137,0.7324704187001859,0.19473107063187223,-0.011928480460473,0.0599019164468616,0.0718303969073346,1.0058126331487216,0.9688498736144536,0.036962759534267975
Shainer 2025,shainer2025,core,3,20210226_F1,type,space,space,results\coordinates_public_shainer_20261003\coordinate_models_folds.csv,0.0030983125824042,0.207276137757344,0.2041778251749398,-0.0083994449235734,0.181754354245809,0.19015379916938238,0.5059191645408163,0.6442522321428572,0.1383330676020409,0.5030361206994557,0.6261492450116566,0.1231131243122009,-0.0121826102517777,-0.0187626363894686,-0.0065800261376909,1.0060679391211829,1.0086030931732088,-0.0025351540520259785
Shainer 2025,shainer2025,core,4,20210226_F2,type,space,space,results\coordinates_public_shainer_20261003\coordinate_models_folds.csv,-0.0495586632580366,0.2341947788353863,0.2837534420934229,-0.072438347354443,0.1985644114908649,0.2710027588453079,0.471923828125,0.6636962890625,0.1917724609375,0.4955109070365621,0.684177317072234,0.18866641003567186,-0.0982487630316516,-0.0468237739122822,0.0514249891193694,1.0463483078730855,1.019564171209253,0.026784136663832614
Shainer 2025,shainer2025,core,5,20210226_F3,type,space,space,results\coordinates_public_shainer_20261003\coordinate_models_folds.csv,-0.0029560757853821,0.3233887769984026,0.3263448527837847,0.0038476757859799,0.2859493457711317,0.2821016699851518,0.500703125,0.72265625,0.22195312499999997,0.5027390723544515,0.7525616206897197,0.24982254833526818,-0.0307823192423955,0.0884114635866567,0.1191937828290522,1.015088229978723,0.9527909778809046,0.062297252097818334
Zhao 2026,zhao2026,core_boundary,0,M224,type,connectivity,connectivity,results\reviewer_audit_20261005\zhao_current_rerun\coordinate_mediation\coordinate_models_folds.csv,-0.0828589129685838,0.1044271412680756,0.1872860542366594,-0.0485598842686903,0.0182925016262547,0.066852385894945,0.45,0.5700000000000001,0.12000000000000005,0.4843417366946779,0.6356659806481788,0.15132424395350091,-0.1085913946907671,-0.3366553897042553,-0.22806399501348817,1.0510085410219228,1.1503248850991146,-0.09931634407719181
Zhao 2026,zhao2026,core_boundary,1,M199,type,connectivity,connectivity,results\reviewer_audit_20261005\zhao_current_rerun\coordinate_mediation\coordinate_models_folds.csv,0.0822975927527274,0.088034188034188,0.005736595281460602,0.0539771390389734,0.0431896109102705,-0.0107875281287029,0.5444444444444445,0.5777777777777777,0.033333333333333215,0.5269777136443803,0.6588346530013196,0.13185693935693932,-0.2621253189734034,-0.8799955815746854,-0.617870262601282,1.121020627378457,1.3384487492369903,-0.21742812185853322
Zhao 2026,zhao2026,core_boundary,2,M196,type,connectivity,connectivity,results\reviewer_audit_20261005\zhao_current_rerun\coordinate_mediation\coordinate_models_folds.csv,-0.0554700196225229,0.0707692307692307,0.1262392503917536,-0.0959131582338886,-0.0585917153181014,0.0373214429157872,0.5,0.5827160493827162,0.08271604938271615,0.5047138047138047,0.6240424172777115,0.11932861256390681,-0.0796686347828172,-0.0781698016109337,0.0014988331718834985,1.0388373066112249,1.0381856138420782,0.0006516927691466723
Zhao 2026,zhao2026,core_boundary,3,M192,type,connectivity,connectivity,results\reviewer_audit_20261005\zhao_current_rerun\coordinate_mediation\coordinate_models_folds.csv,-0.1018019467575957,0.0805194805194805,0.1823214272770762,-0.0956111234714804,0.0927796071882679,0.18839073065974832,0.4714285714285714,0.5265306122448979,0.055102040816326525,0.5076923076923077,0.5731459017173303,0.0654535940250226,-0.0298856320203344,-0.0224329971588858,0.0074526348614486,1.014633267947798,1.0110005103010162,0.0036327576467818368
Zhao 2026,zhao2026,core_boundary,4,M190;M194;M220,type,connectivity,connectivity,results\reviewer_audit_20261005\zhao_current_rerun\coordinate_mediation\coordinate_models_folds.csv,-0.0527046276694729,0.0301754385964912,0.0828800662659641,-0.0800500073815327,0.065337110393646,0.1453871177751787,0.4857142857142857,0.5102040816326531,0.024489795918367363,0.4948051948051948,0.5984250669964956,0.10361987219130075,-0.0541109491886008,-0.0493193367106402,0.004791612477960602,1.0264659575648778,1.024168582206769,0.0022973753581088108
Zhao 2026,zhao2026,core_boundary,5,M186;M195,type,connectivity,connectivity,results\reviewer_audit_20261005\zhao_current_rerun\coordinate_mediation\coordinate_models_folds.csv,-0.1791957340762081,-0.047719298245614,0.1314764358305941,-0.1343192472032019,-0.0096926384921057,0.12462660871109621,0.4,0.4530612244897959,0.05306122448979589,0.475008325008325,0.5486873444016301,0.07367901939330512,-0.0332488964139233,-0.0276093090645358,0.0056395873493874996,1.0162590043423727,1.0134010387929138,0.0028579655494589407
Allen HCR,allen_hcr,independent_replication,0,782149,type,genes,genes,results\allen_visual_learning_hcr_fig123_full_20261003\coordinate_mediation\coordinate_models_folds.csv,0.3857275526359573,0.459474416659456,0.07374686402349867,0.348268021062773,0.4464288873913516,0.09816086632857862,0.7665474060822899,0.7990597828347963,0.0325123767525064,0.7578262763514345,0.7895843876123704,0.03175811126093586,-0.1639571001599744,-0.1359862465706414,0.02797085358933299,1.0667822097662267,1.0515620671232162,0.015220142643010526
Allen HCR,allen_hcr,independent_replication,1,788406,type,genes,genes,results\allen_visual_learning_hcr_fig123_full_20261003\coordinate_mediation\coordinate_models_folds.csv,0.3087800511920711,0.3841826727768372,0.07540262158476613,0.3295060401093301,0.3959115722789363,0.06640553216960621,0.6947620354279095,0.7449414108153702,0.050179375387460756,0.6866494597891006,0.7397011253090947,0.05305166551999407,-0.0041159803791649,0.0119327567161453,0.0160487370953102,1.0002145746264004,0.9906072574215734,0.009607317204826993
Allen HCR,allen_hcr,independent_replication,2,790322,type,genes,genes,results\allen_visual_learning_hcr_fig123_full_20261003\coordinate_mediation\coordinate_models_folds.csv,0.443378561736767,0.4565993568331742,0.013220795096407223,0.4496613696348454,0.4531142653090692,0.0034528956742237993,0.7867307692307693,0.7806610576923076,-0.006069711538461697,0.7718587350055781,0.7632021930636912,-0.00865654194188692,0.1611593202861246,0.201732294046452,0.0405729737603274,0.9137658679944992,0.8897557716948908,0.024010096299608374
Allen HCR,allen_hcr,independent_replication,3,800792,type,genes,genes,results\allen_visual_learning_hcr_fig123_full_20261003\coordinate_mediation\coordinate_models_folds.csv,0.1606462665521371,0.2587487989293523,0.09810253237721522,0.1995003412105808,0.2708098547742201,0.07130951356363929,0.5993084003439033,0.6592575734587569,0.05994917311485359,0.5977589034492601,0.6674826350900046,0.06972373164074452,0.0030879954876888,0.0360652241618054,0.0329772286741166,0.9974767419148252,0.9809562525695458,0.016520489345279388
Allen HCR,allen_hcr,independent_replication,4,800995,type,genes,genes,results\allen_visual_learning_hcr_fig123_full_20261003\coordinate_mediation\coordinate_models_folds.csv,0.2633264314829612,0.3584607862132484,0.0951343547302872,0.2896151154362218,0.4000454185067761,0.11043030307055429,0.6634501593081475,0.7213654984069187,0.05791533909877111,0.6494836463453912,0.7269709576064822,0.07748731126109099,-0.0223585546564578,0.0207895091003051,0.0431480637567629,1.0079427953991873,0.9845203056413512,0.023422489757836118
Allen HCR,allen_hcr,independent_replication,5,804363,type,genes,genes,results\allen_visual_learning_hcr_fig123_full_20261003\coordinate_mediation\coordinate_models_folds.csv,0.2409559538659844,0.4161540026490367,0.17519804878305228,0.2565649330191356,0.3966219529614906,0.14005701994235503,0.6515194681861349,0.775375118708452,0.12385565052231706,0.648689688243536,0.7639236241406941,0.11523393589715814,0.043768840591195,0.0460911480223363,0.002322307431141299,0.976798968230944,0.97464731476158,0.0021516534693640788
Condylis 2022,condylis2022,categorical_boundary,0,bb001L,type,genes,binary marker block,results\condylis2022_fig123_integrity_v3_20261003\coordinate_mediation\coordinate_models_folds.csv,0.0715178417488587,0.0788347850441324,0.007316943295273701,0.0631944876268924,0.0786252102348075,0.015430722607915087,0.5519031141868511,0.5536332179930795,0.0017301038062284002,0.5404602274566722,0.5502513482060473,0.009791120749375049,-0.0599000717381421,-0.0595437333890365,0.00035633834910560325,1.02877608808294,1.0285632438799184,0.00021284420302158935
Condylis 2022,condylis2022,categorical_boundary,1,cc028,type,genes,binary marker block,results\condylis2022_fig123_integrity_v3_20261003\coordinate_mediation\coordinate_models_folds.csv,0.0641509854277266,0.0655667499064832,0.0014157644787566037,0.0594802070575652,0.0620055546260103,0.0025253475684450938,0.5479028117337404,0.5497392279584296,0.001836416224689108,0.5350728929683538,0.5361473206867793,0.0010744277184254747,-0.0356381849519465,-0.0350216339459407,0.0006165510060057999,1.0176309373386565,1.0173264235442585,0.0003045137943979981
Condylis 2022,condylis2022,categorical_boundary,2,cc028L,type,genes,binary marker block,results\condylis2022_fig123_integrity_v3_20261003\coordinate_mediation\coordinate_models_folds.csv,0.1061106336167918,0.1024069028334232,-0.0037037307833685945,0.1089247738427888,0.1059157224861029,-0.0030090513566859017,0.5775746077313115,0.5766844616017065,-0.0008901461296050295,0.5650314537392017,0.5602004951995689,-0.004830958539632779,-0.0185737030671524,-0.0181246297315462,0.0004490733356062003,1.009185444799214,1.008965923049036,0.00021952175017792008
Condylis 2022,condylis2022,categorical_boundary,3,cc029,type,genes,binary marker block,results\condylis2022_fig123_integrity_v3_20261003\coordinate_mediation\coordinate_models_folds.csv,0.1271870109286295,0.1356470909662764,0.008460080037646894,0.1009041341898874,0.0994953410242127,-0.0014087931656747016,0.597017803335504,0.6038087879824726,0.00679098464696859,0.5662094164594967,0.5732211531589156,0.007011736699418902,0.0012221506389598,0.0015800006512214,0.0003578500122616,0.9993863297174838,0.9992073367314726,0.00017899298601120606
Condylis 2022,condylis2022,categorical_boundary,4,cc029L,type,genes,binary marker block,results\condylis2022_fig123_integrity_v3_20261003\coordinate_mediation\coordinate_models_folds.csv,0.1906324421045331,0.1841499431957016,-0.0064824989088314855,0.1771372417467675,0.1718296881633485,-0.005307553583419,0.6328987646329639,0.6284900154606547,-0.0044087491723091565,0.6159754215840185,0.6057687512631009,-0.010206670320917599,-0.0301687233513909,-0.0314222482857633,-0.0012535249343724013,1.0147188313178137,1.0153251357856814,-0.000606304467867691
Condylis 2022,condylis2022,categorical_boundary,5,cc030L,type,genes,binary marker block,results\condylis2022_fig123_integrity_v3_20261003\coordinate_mediation\coordinate_models_folds.csv,0.003801495962394,0.005176296609677,0.0013748006472830004,0.0055181046949698,0.0046361792489809,-0.0008819254459888999,0.4999211182568104,0.5006642811581183,0.0007431629013079366,0.5025272988585162,0.5030139028313545,0.00048660397283828427,-0.2902642182916644,-0.2875814965231105,0.0026827217685538862,1.1351820396750838,1.1340682103814912,0.0011138292935926053
Condylis 2022,condylis2022,categorical_boundary,6,cc032,type,genes,binary marker block,results\condylis2022_fig123_integrity_v3_20261003\coordinate_mediation\coordinate_models_folds.csv,-0.1484697886180141,-0.1549358232854207,-0.006466034667406584,-0.2499164315608686,-0.2754249278589271,-0.025508496298058486,0.4340213358070501,0.4292003991679316,-0.004820936639118478,0.4749950441626378,0.4741292432968369,-0.0008658008658009031,-0.4294959034492316,-0.4171697104871634,0.012326192962068216,1.187670200762926,1.1825774594257732,0.005092741337152873
Condylis 2022,condylis2022,categorical_boundary,7,cc034,type,genes,binary marker block,results\condylis2022_fig123_integrity_v3_20261003\coordinate_mediation\coordinate_models_folds.csv,0.0301046882806632,0.0311773512785658,0.0010726629979026028,0.0053654072694787,0.0096497598237527,0.004284352554274001,0.5303703561753278,0.5308847594675089,0.0005144032921811093,0.51819167185415,0.5183319636611086,0.00014029180695851462,-0.0106685049239349,-0.0091432828896032,0.0015252220343317004,1.0053134391271443,1.0045565982420417,0.0007568408851026387
Condylis 2022,condylis2022,categorical_boundary,8,jn039,type,genes,binary marker block,results\condylis2022_fig123_integrity_v3_20261003\coordinate_mediation\coordinate_models_folds.csv,0.0938346901094513,0.0571433098087851,-0.036691380300666196,-0.00285242863167,-0.0343394241063933,-0.0314869954747233,0.5744282763861729,0.5513406822522053,-0.02308759413396755,0.5635677836560334,0.5502086049458144,-0.013359178710219077,-0.5127229801325783,-0.5149280256229805,-0.0022050454904021244,1.2239283597217845,1.224699592996523,-0.000771233274738492
McLachlan 2025,mclachlan2025,endpoint_specific_boundary,0,pr023,type,genes,genes,results\mclachlan_fig123_onecommand_smoke_20261003\coordinate_mediation\coordinate_models_folds.csv,-0.0215610981319003,0.0093367297875243,0.0308978279194246,-0.0224915512825032,0.0013913957163576,0.023882946998860802,0.4898312133742263,0.4902605443568522,0.0004293309826258751,0.49437960373036,0.5331975157930432,0.0388179120626832,-0.1371297273422104,-0.1310655959368301,0.006064131405380313,1.0643010176206045,1.0614931055448371,0.0028079120757673603
McLachlan 2025,mclachlan2025,endpoint_specific_boundary,1,pr042,type,genes,genes,results\mclachlan_fig123_onecommand_smoke_20261003\coordinate_mediation\coordinate_models_folds.csv,0.005144756452999,0.070912943974194,0.065768187521195,-0.0014268391371912,0.042845680724048,0.0442725198612392,0.5043753946630674,0.5445047333298297,0.04012933866676238,0.5102715539421752,0.5591646733374378,0.04889311939526264,-0.0886965396306528,-0.157502715065313,-0.0688061754346602,1.040919508382008,1.069891144926895,-0.028971636544887103
McLachlan 2025,mclachlan2025,endpoint_specific_boundary,2,pr044,type,genes,genes,results\mclachlan_fig123_onecommand_smoke_20261003\coordinate_mediation\coordinate_models_folds.csv,0.045202741915944,0.0601396569638077,0.014936915047863701,0.0221159862694406,0.0393175662305559,0.0172015799611153,0.512206984428092,0.5432769146984636,0.031069930270371637,0.501269136842007,0.526295186231907,0.02502604938989994,-0.019803561515946,-0.0221098985678717,-0.002306337051925702,1.0098163390483743,1.010962328992356,-0.001145989943981629
McLachlan 2025,mclachlan2025,endpoint_specific_boundary,3,pr048,type,genes,genes,results\mclachlan_fig123_onecommand_smoke_20261003\coordinate_mediation\coordinate_models_folds.csv,0.004637292290132,-0.0430101786055794,-0.047647470895711405,-0.0029574226537302,0.0102160318509295,0.013173454504659699,0.5029474746755878,0.4694554189647009,-0.03349205571088687,0.5014759016018119,0.482324848195397,-0.019151053406414875,-0.0894740794159853,-2.026133709480044,-1.9366596300640584,1.0426724995547434,1.6419828213663736,-0.5993103218116302
