figure,dataset,stage,contract,model,metric,value,baseline_value,delta_vs_baseline,status,n_groups,notes,source
4,zhao2026,complete,biological_target_completion,joint_function+genes,r2,0.3314251368563274,0.366022642329415,-0.0345975054730876,ABSOLUTE_SUPPORT,9.0,target=feat__evoked_grating_right,internal_authority/FIG4_REVISED_MULTIMETRIC_WITH_RELATION_INDEX.csv
4,zhao2026,complete,biological_target_completion,joint_function+genes,spearman,0.4372147780298814,0.4801104499336444,-0.0428956719037629,ABSOLUTE_SUPPORT,9.0,target=feat__evoked_grating_right,internal_authority/FIG4_REVISED_MULTIMETRIC_WITH_RELATION_INDEX.csv
4,zhao2026,complete,biological_target_completion,joint_function+genes,auroc,0.7605251244907199,0.7818017202354006,-0.0212765957446807,ABSOLUTE_SUPPORT,9.0,target=feat__evoked_grating_right,internal_authority/FIG4_REVISED_MULTIMETRIC_WITH_RELATION_INDEX.csv
4,zhao2026,complete,biological_target_completion,joint_function+genes,auprc,0.8109940412274979,0.8244193846452399,-0.013425343417742,ABSOLUTE_SUPPORT,9.0,target=feat__evoked_grating_right,internal_authority/FIG4_REVISED_MULTIMETRIC_WITH_RELATION_INDEX.csv
4,zhao2026,complete,biological_target_completion,joint_function+genes,heldunit_r2_win_fraction,0.2222222222222222,,,PAIRED,9.0,target=feat__evoked_grating_right,
4,zhao2026,relation_index,standardized_scalar_multivariate:type_l1,Zhao_relation_graph,zhao_relation_index,0.2631578947368421,,,MATCHED_NULL,9.0,BH_q=0.5777164012458131,
5,zhao2026,operator,raw_multitarget_sameXY_sameFolds,direct_ridge,r2,-0.0327832726044165,,0.0,BASELINE,,domain=function; positive_delta_metrics=0.0/5.0,internal_authority/FIG5_ALL_DATASET_OPERATOR_CONTRACTS_MULTIMETRIC_20261003.csv
5,zhao2026,operator,raw_multitarget_sameXY_sameFolds,direct_ridge,spearman,-0.1476604306691211,,0.0,BASELINE,,domain=function; positive_delta_metrics=0.0/5.0,internal_authority/FIG5_ALL_DATASET_OPERATOR_CONTRACTS_MULTIMETRIC_20261003.csv
5,zhao2026,operator,raw_multitarget_sameXY_sameFolds,direct_ridge,pearson,-0.1850288954562538,,,BASELINE,,domain=function; positive_delta_metrics=0.0/5.0,internal_authority/FIG5_ALL_DATASET_OPERATOR_CONTRACTS_MULTIMETRIC_20261003.csv
5,zhao2026,operator,raw_multitarget_sameXY_sameFolds,direct_ridge,nrmse,1.0161832950905043,,,BASELINE,,domain=function; positive_delta_metrics=0.0/5.0,internal_authority/FIG5_ALL_DATASET_OPERATOR_CONTRACTS_MULTIMETRIC_20261003.csv
5,zhao2026,operator,raw_multitarget_sameXY_sameFolds,direct_ridge,auroc,0.3933906745133544,,0.0,BASELINE,,domain=function; positive_delta_metrics=0.0/5.0,internal_authority/FIG5_ALL_DATASET_OPERATOR_CONTRACTS_MULTIMETRIC_20261003.csv
5,zhao2026,operator,raw_multitarget_sameXY_sameFolds,direct_ridge,auprc,0.4453458489959122,,0.0,BASELINE,,domain=function; positive_delta_metrics=0.0/5.0,internal_authority/FIG5_ALL_DATASET_OPERATOR_CONTRACTS_MULTIMETRIC_20261003.csv
5,zhao2026,operator,raw_multitarget_sameXY_sameFolds,direct_ridge,geometry_spearman,0.0569870853648741,,0.0,BASELINE,,domain=function; positive_delta_metrics=0.0/5.0,internal_authority/FIG5_ALL_DATASET_OPERATOR_CONTRACTS_MULTIMETRIC_20261003.csv
5,zhao2026,operator,raw_multitarget_sameXY_sameFolds,direct_ridge,heldunit_r2_win_fraction,,,,BASELINE,,,internal_authority/FIG5_ALL_DATASET_OPERATOR_CONTRACTS_MULTIMETRIC_20261003.csv
5,zhao2026,operator,raw_multitarget_sameXY_sameFolds,direct_ridge,heldunit_spearman_win_fraction,,,,BASELINE,,,internal_authority/FIG5_ALL_DATASET_OPERATOR_CONTRACTS_MULTIMETRIC_20261003.csv
5,zhao2026,operator,raw_multitarget_sameXY_sameFolds,direct_ridge,relation_index,0.2631578947368421,,,BASELINE,,,internal_authority/FIG5_ALL_DATASET_OPERATOR_CONTRACTS_MULTIMETRIC_20261003.csv
5,zhao2026,operator,raw_multitarget_sameXY_sameFolds,shared_operator,r2,-0.031932009278816,,0.0008512633256004,BOUNDARY_OR_MIXED,,domain=function; positive_delta_metrics=1.0/5.0,internal_authority/FIG5_ALL_DATASET_OPERATOR_CONTRACTS_MULTIMETRIC_20261003.csv
5,zhao2026,operator,raw_multitarget_sameXY_sameFolds,shared_operator,spearman,-0.182902521512051,,-0.0352420908429298,BOUNDARY_OR_MIXED,,domain=function; positive_delta_metrics=1.0/5.0,internal_authority/FIG5_ALL_DATASET_OPERATOR_CONTRACTS_MULTIMETRIC_20261003.csv
5,zhao2026,operator,raw_multitarget_sameXY_sameFolds,shared_operator,pearson,-0.2032086799299324,,,BOUNDARY_OR_MIXED,,domain=function; positive_delta_metrics=1.0/5.0,internal_authority/FIG5_ALL_DATASET_OPERATOR_CONTRACTS_MULTIMETRIC_20261003.csv
5,zhao2026,operator,raw_multitarget_sameXY_sameFolds,shared_operator,nrmse,1.015959093453194,,,BOUNDARY_OR_MIXED,,domain=function; positive_delta_metrics=1.0/5.0,internal_authority/FIG5_ALL_DATASET_OPERATOR_CONTRACTS_MULTIMETRIC_20261003.csv
5,zhao2026,operator,raw_multitarget_sameXY_sameFolds,shared_operator,auroc,0.3729289271163422,,-0.0204617473970122,BOUNDARY_OR_MIXED,,domain=function; positive_delta_metrics=1.0/5.0,internal_authority/FIG5_ALL_DATASET_OPERATOR_CONTRACTS_MULTIMETRIC_20261003.csv
5,zhao2026,operator,raw_multitarget_sameXY_sameFolds,shared_operator,auprc,0.435364705850693,,-0.0099811431452191,BOUNDARY_OR_MIXED,,domain=function; positive_delta_metrics=1.0/5.0,internal_authority/FIG5_ALL_DATASET_OPERATOR_CONTRACTS_MULTIMETRIC_20261003.csv
5,zhao2026,operator,raw_multitarget_sameXY_sameFolds,shared_operator,geometry_spearman,0.0409694743278722,,-0.0160176110370019,BOUNDARY_OR_MIXED,,domain=function; positive_delta_metrics=1.0/5.0,internal_authority/FIG5_ALL_DATASET_OPERATOR_CONTRACTS_MULTIMETRIC_20261003.csv
5,zhao2026,operator,raw_multitarget_sameXY_sameFolds,shared_operator,heldunit_r2_win_fraction,0.5555555555555556,,,BOUNDARY_OR_MIXED,,,internal_authority/FIG5_ALL_DATASET_OPERATOR_CONTRACTS_MULTIMETRIC_20261003.csv
5,zhao2026,operator,raw_multitarget_sameXY_sameFolds,shared_operator,heldunit_spearman_win_fraction,0.3333333333333333,,,BOUNDARY_OR_MIXED,,,internal_authority/FIG5_ALL_DATASET_OPERATOR_CONTRACTS_MULTIMETRIC_20261003.csv
5,zhao2026,operator,raw_multitarget_sameXY_sameFolds,shared_operator,relation_index,0.2631578947368421,,,BOUNDARY_OR_MIXED,,,internal_authority/FIG5_ALL_DATASET_OPERATOR_CONTRACTS_MULTIMETRIC_20261003.csv
5,zhao2026,operator,raw_multitarget_sameXY_sameFolds,lowrank_operator,r2,-0.046082186647783,,-0.0132989140433665,BOUNDARY_OR_MIXED,,domain=function; positive_delta_metrics=0.0/5.0,internal_authority/FIG5_ALL_DATASET_OPERATOR_CONTRACTS_MULTIMETRIC_20261003.csv
5,zhao2026,operator,raw_multitarget_sameXY_sameFolds,lowrank_operator,spearman,-0.1607500321075388,,-0.0130896014384176,BOUNDARY_OR_MIXED,,domain=function; positive_delta_metrics=0.0/5.0,internal_authority/FIG5_ALL_DATASET_OPERATOR_CONTRACTS_MULTIMETRIC_20261003.csv
5,zhao2026,operator,raw_multitarget_sameXY_sameFolds,lowrank_operator,pearson,-0.117936434883054,,,BOUNDARY_OR_MIXED,,domain=function; positive_delta_metrics=0.0/5.0,internal_authority/FIG5_ALL_DATASET_OPERATOR_CONTRACTS_MULTIMETRIC_20261003.csv
5,zhao2026,operator,raw_multitarget_sameXY_sameFolds,lowrank_operator,nrmse,1.0221402073054626,,,BOUNDARY_OR_MIXED,,domain=function; positive_delta_metrics=0.0/5.0,internal_authority/FIG5_ALL_DATASET_OPERATOR_CONTRACTS_MULTIMETRIC_20261003.csv
5,zhao2026,operator,raw_multitarget_sameXY_sameFolds,lowrank_operator,auroc,0.3886826618379357,,-0.0047080126754187,BOUNDARY_OR_MIXED,,domain=function; positive_delta_metrics=0.0/5.0,internal_authority/FIG5_ALL_DATASET_OPERATOR_CONTRACTS_MULTIMETRIC_20261003.csv
5,zhao2026,operator,raw_multitarget_sameXY_sameFolds,lowrank_operator,auprc,0.4449220384292934,,-0.0004238105666187,BOUNDARY_OR_MIXED,,domain=function; positive_delta_metrics=0.0/5.0,internal_authority/FIG5_ALL_DATASET_OPERATOR_CONTRACTS_MULTIMETRIC_20261003.csv
5,zhao2026,operator,raw_multitarget_sameXY_sameFolds,lowrank_operator,geometry_spearman,-0.0253423686654389,,-0.082329454030313,BOUNDARY_OR_MIXED,,domain=function; positive_delta_metrics=0.0/5.0,internal_authority/FIG5_ALL_DATASET_OPERATOR_CONTRACTS_MULTIMETRIC_20261003.csv
5,zhao2026,operator,raw_multitarget_sameXY_sameFolds,lowrank_operator,heldunit_r2_win_fraction,0.3333333333333333,,,BOUNDARY_OR_MIXED,,,internal_authority/FIG5_ALL_DATASET_OPERATOR_CONTRACTS_MULTIMETRIC_20261003.csv
5,zhao2026,operator,raw_multitarget_sameXY_sameFolds,lowrank_operator,heldunit_spearman_win_fraction,0.3333333333333333,,,BOUNDARY_OR_MIXED,,,internal_authority/FIG5_ALL_DATASET_OPERATOR_CONTRACTS_MULTIMETRIC_20261003.csv
5,zhao2026,operator,raw_multitarget_sameXY_sameFolds,lowrank_operator,relation_index,0.2631578947368421,,,BOUNDARY_OR_MIXED,,,internal_authority/FIG5_ALL_DATASET_OPERATOR_CONTRACTS_MULTIMETRIC_20261003.csv
5,zhao2026,operator,shape3+loggain+offset,direct_ridge,r2,-0.0409089955044659,,0.0,BASELINE,,domain=function_coordinate; positive_delta_metrics=0.0/4.0,internal_authority/FIG5_ALL_DATASET_OPERATOR_CONTRACTS_MULTIMETRIC_20261003.csv
5,zhao2026,operator,shape3+loggain+offset,direct_ridge,spearman,-0.1483556659103557,,0.0,BASELINE,,domain=function_coordinate; positive_delta_metrics=0.0/4.0,internal_authority/FIG5_ALL_DATASET_OPERATOR_CONTRACTS_MULTIMETRIC_20261003.csv
5,zhao2026,operator,shape3+loggain+offset,direct_ridge,pearson,-0.1005083004346336,,,BASELINE,,domain=function_coordinate; positive_delta_metrics=0.0/4.0,internal_authority/FIG5_ALL_DATASET_OPERATOR_CONTRACTS_MULTIMETRIC_20261003.csv
5,zhao2026,operator,shape3+loggain+offset,direct_ridge,nrmse,1.021267771018564,,,BASELINE,,domain=function_coordinate; positive_delta_metrics=0.0/4.0,internal_authority/FIG5_ALL_DATASET_OPERATOR_CONTRACTS_MULTIMETRIC_20261003.csv
5,zhao2026,operator,shape3+loggain+offset,direct_ridge,auroc,0.3910366681756451,,0.0,BASELINE,,domain=function_coordinate; positive_delta_metrics=0.0/4.0,internal_authority/FIG5_ALL_DATASET_OPERATOR_CONTRACTS_MULTIMETRIC_20261003.csv
5,zhao2026,operator,shape3+loggain+offset,direct_ridge,auprc,0.4467489141158626,,0.0,BASELINE,,domain=function_coordinate; positive_delta_metrics=0.0/4.0,internal_authority/FIG5_ALL_DATASET_OPERATOR_CONTRACTS_MULTIMETRIC_20261003.csv
5,zhao2026,operator,shape3+loggain+offset,direct_ridge,geometry_spearman,,,,BASELINE,,domain=function_coordinate; positive_delta_metrics=0.0/4.0,internal_authority/FIG5_ALL_DATASET_OPERATOR_CONTRACTS_MULTIMETRIC_20261003.csv
5,zhao2026,operator,shape3+loggain+offset,direct_ridge,heldunit_r2_win_fraction,,,,BASELINE,,,internal_authority/FIG5_ALL_DATASET_OPERATOR_CONTRACTS_MULTIMETRIC_20261003.csv
5,zhao2026,operator,shape3+loggain+offset,direct_ridge,heldunit_spearman_win_fraction,,,,BASELINE,,,internal_authority/FIG5_ALL_DATASET_OPERATOR_CONTRACTS_MULTIMETRIC_20261003.csv
5,zhao2026,operator,shape3+loggain+offset,direct_ridge,relation_index,,,,BASELINE,,,internal_authority/FIG5_ALL_DATASET_OPERATOR_CONTRACTS_MULTIMETRIC_20261003.csv
5,zhao2026,operator,shape3+loggain+offset,shared_operator,r2,-0.029258085120917,,0.0116509103835489,BOUNDARY_OR_MIXED,,domain=function_coordinate; positive_delta_metrics=1.0/4.0,internal_authority/FIG5_ALL_DATASET_OPERATOR_CONTRACTS_MULTIMETRIC_20261003.csv
5,zhao2026,operator,shape3+loggain+offset,shared_operator,spearman,-0.2213913266835052,,-0.0730356607731494,BOUNDARY_OR_MIXED,,domain=function_coordinate; positive_delta_metrics=1.0/4.0,internal_authority/FIG5_ALL_DATASET_OPERATOR_CONTRACTS_MULTIMETRIC_20261003.csv
5,zhao2026,operator,shape3+loggain+offset,shared_operator,pearson,-0.2296180182133471,,,BOUNDARY_OR_MIXED,,domain=function_coordinate; positive_delta_metrics=1.0/4.0,internal_authority/FIG5_ALL_DATASET_OPERATOR_CONTRACTS_MULTIMETRIC_20261003.csv
5,zhao2026,operator,shape3+loggain+offset,shared_operator,nrmse,1.0144456145296383,,,BOUNDARY_OR_MIXED,,domain=function_coordinate; positive_delta_metrics=1.0/4.0,internal_authority/FIG5_ALL_DATASET_OPERATOR_CONTRACTS_MULTIMETRIC_20261003.csv
5,zhao2026,operator,shape3+loggain+offset,shared_operator,auroc,0.3486645540968764,,-0.0423721140787686,BOUNDARY_OR_MIXED,,domain=function_coordinate; positive_delta_metrics=1.0/4.0,internal_authority/FIG5_ALL_DATASET_OPERATOR_CONTRACTS_MULTIMETRIC_20261003.csv
5,zhao2026,operator,shape3+loggain+offset,shared_operator,auprc,0.4260103623865964,,-0.0207385517292661,BOUNDARY_OR_MIXED,,domain=function_coordinate; positive_delta_metrics=1.0/4.0,internal_authority/FIG5_ALL_DATASET_OPERATOR_CONTRACTS_MULTIMETRIC_20261003.csv
5,zhao2026,operator,shape3+loggain+offset,shared_operator,geometry_spearman,,,,BOUNDARY_OR_MIXED,,domain=function_coordinate; positive_delta_metrics=1.0/4.0,internal_authority/FIG5_ALL_DATASET_OPERATOR_CONTRACTS_MULTIMETRIC_20261003.csv
5,zhao2026,operator,shape3+loggain+offset,shared_operator,heldunit_r2_win_fraction,0.4444444444444444,,,BOUNDARY_OR_MIXED,,,internal_authority/FIG5_ALL_DATASET_OPERATOR_CONTRACTS_MULTIMETRIC_20261003.csv
5,zhao2026,operator,shape3+loggain+offset,shared_operator,heldunit_spearman_win_fraction,,,,BOUNDARY_OR_MIXED,,,internal_authority/FIG5_ALL_DATASET_OPERATOR_CONTRACTS_MULTIMETRIC_20261003.csv
5,zhao2026,operator,shape3+loggain+offset,shared_operator,relation_index,,,,BOUNDARY_OR_MIXED,,,internal_authority/FIG5_ALL_DATASET_OPERATOR_CONTRACTS_MULTIMETRIC_20261003.csv
5,zhao2026,operator,shape3+loggain+offset,lowrank_operator,r2,-0.0306741568507399,,0.010234838653726,BOUNDARY_OR_MIXED,,domain=function_coordinate; positive_delta_metrics=1.0/4.0,internal_authority/FIG5_ALL_DATASET_OPERATOR_CONTRACTS_MULTIMETRIC_20261003.csv
5,zhao2026,operator,shape3+loggain+offset,lowrank_operator,spearman,-0.2343824650027826,,-0.0860267990924268,BOUNDARY_OR_MIXED,,domain=function_coordinate; positive_delta_metrics=1.0/4.0,internal_authority/FIG5_ALL_DATASET_OPERATOR_CONTRACTS_MULTIMETRIC_20261003.csv
5,zhao2026,operator,shape3+loggain+offset,lowrank_operator,pearson,-0.2355753567272003,,,BOUNDARY_OR_MIXED,,domain=function_coordinate; positive_delta_metrics=1.0/4.0,internal_authority/FIG5_ALL_DATASET_OPERATOR_CONTRACTS_MULTIMETRIC_20261003.csv
5,zhao2026,operator,shape3+loggain+offset,lowrank_operator,nrmse,1.0152101322145692,,,BOUNDARY_OR_MIXED,,domain=function_coordinate; positive_delta_metrics=1.0/4.0,internal_authority/FIG5_ALL_DATASET_OPERATOR_CONTRACTS_MULTIMETRIC_20261003.csv
5,zhao2026,operator,shape3+loggain+offset,lowrank_operator,auroc,0.3408782254413762,,-0.0501584427342688,BOUNDARY_OR_MIXED,,domain=function_coordinate; positive_delta_metrics=1.0/4.0,internal_authority/FIG5_ALL_DATASET_OPERATOR_CONTRACTS_MULTIMETRIC_20261003.csv
5,zhao2026,operator,shape3+loggain+offset,lowrank_operator,auprc,0.4253663174362462,,-0.0213825966796163,BOUNDARY_OR_MIXED,,domain=function_coordinate; positive_delta_metrics=1.0/4.0,internal_authority/FIG5_ALL_DATASET_OPERATOR_CONTRACTS_MULTIMETRIC_20261003.csv
5,zhao2026,operator,shape3+loggain+offset,lowrank_operator,geometry_spearman,,,,BOUNDARY_OR_MIXED,,domain=function_coordinate; positive_delta_metrics=1.0/4.0,internal_authority/FIG5_ALL_DATASET_OPERATOR_CONTRACTS_MULTIMETRIC_20261003.csv
5,zhao2026,operator,shape3+loggain+offset,lowrank_operator,heldunit_r2_win_fraction,0.4444444444444444,,,BOUNDARY_OR_MIXED,,,internal_authority/FIG5_ALL_DATASET_OPERATOR_CONTRACTS_MULTIMETRIC_20261003.csv
5,zhao2026,operator,shape3+loggain+offset,lowrank_operator,heldunit_spearman_win_fraction,,,,BOUNDARY_OR_MIXED,,,internal_authority/FIG5_ALL_DATASET_OPERATOR_CONTRACTS_MULTIMETRIC_20261003.csv
5,zhao2026,operator,shape3+loggain+offset,lowrank_operator,relation_index,,,,BOUNDARY_OR_MIXED,,,internal_authority/FIG5_ALL_DATASET_OPERATOR_CONTRACTS_MULTIMETRIC_20261003.csv
6,zhao2026,foundation_eval,frozen Compact/Large -> held-group readout,GAP,spearman,0.0848057750878345,0.0827160124101169,0.0020897626777175,EXECUTED,9.0,,internal_authority/FIG6_TOOL_CAPABILITY_LEDGER.csv
