mode,n_added,r2,delta_r2,spearman,delta_spearman,auroc,delta_auroc,random_mean_delta_r2,random_p95_delta_r2,empirical_p_vs_random
residual_guided,1,0.2682335626396096,-0.0039842817833406,0.5092301047639246,-0.001290495377079,0.8474975980434972,-0.0042798497685387,-0.0001437218011926,0.0041974960200475,0.9801980198019802
residual_guided,5,0.2680572345687267,-0.0041606098542235,0.5090201402781183,-0.0015004598628853,0.8465368154423968,-0.0052406323696392,-0.0002916193974179,0.0045986914495978,0.9306930693069309
residual_guided,20,0.267749460597799,-0.0044683838251512,0.5100677428183131,-0.0004528573226905,0.8467115031880512,-0.0050659446239847,0.0005738461634148,0.0034793004029868,0.99009900990099
residual_guided,50,0.2711713677713141,-0.0010464766516361,0.5121696075652128,0.0016490074242091,0.8483710367717704,-0.0034064110402656,-0.0009650831382065,0.0009406448440617,0.5445544554455446
residual_guided,100,0.2700667920130389,-0.0021510524099113,0.5125216449365692,0.0020010447955655,0.84741025417067,-0.004367193641366,-0.0036115395769877,-0.0025426227054185,0.0198019801980198
residual_guided,200,0.2670856371180086,-0.0051322073049416,0.5104338394856353,-8.676065536838973e-05,0.8467988470608787,-0.0049786007511573,-0.0050810903325896,-0.004317468013272,0.5346534653465347
residual_guided,400,0.2656370785081265,-0.0065807659148237,0.5105714725935119,5.087245250823269e-05,0.8472355664250153,-0.0045418813870207,-0.0066287819996383,-0.0061614690161718,0.4059405940594059
residual_guided,600,0.2647585062615355,-0.0074593381614147,0.5102494037214512,-0.0002711964195524,0.8469735348065335,-0.0048039130055025,-0.0074991241350482,-0.0071990015165738,0.4059405940594059
residual_guided,800,0.2643192096982586,-0.0078986347246916,0.5103457838951122,-0.0001748162458914,0.8470608786793608,-0.0047165691326752,-0.0080056949262241,-0.0078063206663435,0.2475247524752475
residual_guided,1000,0.2639628809936786,-0.0082549634292716,0.5100388842634357,-0.0004817158775679,0.8469735348065334,-0.0048039130055026,-0.0083453435155589,-0.0081817971745682,0.2475247524752475
raw_guided,1,0.2759660422906274,0.0037481978676771,0.515157947920909,0.0046373477799053,0.8507293213381081,-0.0010481264739279,-0.0001437218011926,0.0041974960200475,0.0693069306930693
raw_guided,5,0.2737578014626511,0.0015399570397008,0.5144411088173853,0.0039205086763816,0.8506419774652809,-0.001135470346755,-0.0002916193974179,0.0045986914495978,0.2574257425742574
raw_guided,20,0.2724850271533444,0.0002671827303941,0.5136280745309371,0.0031074743899334,0.8497685387370075,-0.0020089090750284,0.0005738461634148,0.0034793004029868,0.594059405940594
raw_guided,50,0.2692898625518329,-0.0029279818711173,0.5134136702674573,0.0028930701264536,0.8488951000087344,-0.0028823478033016,-0.0009650831382065,0.0009406448440617,0.9306930693069309
raw_guided,100,0.2674198057169444,-0.0047980387060058,0.5114932814329592,0.0009726812919556,0.847672285789152,-0.004105162022884,-0.0036115395769877,-0.0025426227054185,0.99009900990099
raw_guided,200,0.2659497045622597,-0.0062681398606905,0.5102397842031589,-0.0002808159378447,0.8472355664250153,-0.0045418813870207,-0.0050810903325896,-0.004317468013272,1.0
raw_guided,400,0.2651229302784856,-0.0070949141444646,0.5101596832143005,-0.0003609169267031,0.8472355664250153,-0.0045418813870207,-0.0066287819996383,-0.0061614690161718,0.9702970297029704
raw_guided,600,0.2644545251029131,-0.0077633193200371,0.5100843919845885,-0.000436208156415,0.8472355664250153,-0.0045418813870207,-0.0074991241350482,-0.0071990015165738,0.9306930693069309
raw_guided,800,0.2639806051382071,-0.0082372392847431,0.5100103956900311,-0.0005102044509724,0.8470608786793606,-0.0047165691326753,-0.0080056949262241,-0.0078063206663435,0.9702970297029704
raw_guided,1000,0.2636781394127947,-0.0085397050101555,0.510163198038292,-0.0003574021027116,0.846886190933706,-0.00489125687833,-0.0083453435155589,-0.0081817971745682,0.99009900990099
atlas_variance,1,0.270956750713643,-0.0012610937093072,0.5089529886408075,-0.0015676115001961,0.8503799458467988,-0.0013975019652372,-0.0001437218011926,0.0041974960200475,0.7524752475247525
atlas_variance,5,0.2701185509783506,-0.0020992934445996,0.5094176853706273,-0.0011029147703763,0.8498558826098349,-0.0019215652022011,-0.0002916193974179,0.0045986914495978,0.7524752475247525
atlas_variance,20,0.2692793130025679,-0.0029385314203823,0.5087583783861218,-0.0017622217548818,0.8483710367717705,-0.0034064110402655,0.0005738461634148,0.0034793004029868,0.99009900990099
atlas_variance,50,0.2729696589425665,0.0007518145196162,0.5137514633521113,0.0032308632111076,0.8495065071185256,-0.0022709406935104,-0.0009650831382065,0.0009406448440617,0.0693069306930693
atlas_variance,100,0.2733465341630604,0.0011286897401101,0.5143221597738845,0.0038015596328808,0.8495065071185256,-0.0022709406935104,-0.0036115395769877,-0.0025426227054185,0.0099009900990099
atlas_variance,200,0.2714107160650681,-0.0008071283578821,0.5140779720018454,0.0035573718608417,0.8492444755000437,-0.0025329723119923,-0.0050810903325896,-0.004317468013272,0.0099009900990099
atlas_variance,400,0.2680679385783162,-0.004149905844634,0.5114925414700137,0.00097194132901,0.849331819372871,-0.0024456284391649,-0.0066287819996383,-0.0061614690161718,0.0099009900990099
atlas_variance,600,0.2670872332238647,-0.0051306111990855,0.5109074157708019,0.0003868156297982,0.847672285789152,-0.004105162022884,-0.0074991241350482,-0.0071990015165738,0.0099009900990099
atlas_variance,800,0.2660547641136352,-0.006163080309315,0.510729639673128,0.0002090395321243,0.8474975980434973,-0.0042798497685386,-0.0080056949262241,-0.0078063206663435,0.0099009900990099
atlas_variance,1000,0.2654510795865487,-0.0067667648364015,0.5105703626490934,4.9762508089745694e-05,0.84741025417067,-0.004367193641366,-0.0083453435155589,-0.0081817971745682,0.0099009900990099
