dataset,target,delta_spearman_joint_vs_function,selected_target
bugeon2022,mi__running_vs_stat_sync,0.0236166925359357,True
bugeon2022,mi__running_vs_stat_sync_pooled,-0.0010790941111674,False
bugeon2022,feat__pupil_r,-0.0212418582552721,False
bugeon2022,feat__speed_r,-0.0222855907445342,False
bugeon2022,feat__mean_activity,0.1002493001147246,False
celegans_atanas2023,feat__r_velocity,0.0019571757991698,False
celegans_atanas2023,feat__r_reversal,0.0025512915176227,False
celegans_atanas2023,feat__r_head_angle,0.0975980494344067,False
celegans_atanas2023,feat__r_pumping,0.2140496271576762,True
celegans_atanas2023,feat__r_angular_velocity,0.0210156667351265,False
condylis2022,feat__sample_task_CW,-6.673917196664547e-09,False
condylis2022,feat__sample_task_CCW,-4.004350317998728e-08,False
condylis2022,feat__sample_passive_CW,0.0,False
condylis2022,feat__sample_passive_CCW,2.002175181203825e-08,True
condylis2022,feat__dsi_task,-0.0262921571328424,False
condylis2022,feat__task_vs_passive,0.0,False
condylis2022,feat__choice_hit_minus_cr,-0.021736120788291,False
shainer2025,feat__regsc_dot_small_cw,-0.0026455874083833,False
shainer2025,feat__regsc_dot_small_ccw,-0.0128020981852106,False
shainer2025,feat__regsc_dot_large_cw,-0.0097051756912626,False
shainer2025,feat__regsc_dot_large_ccw,0.0117349390018112,True
shainer2025,feat__regsc_dim_off,-0.0181682444415575,False
shainer2025,feat__regsc_dim_on,-0.0196163838053914,False
shainer2025,feat__regsc_grating,0.0023777528178948,False
shainer2025,feat__regsc_loom,-0.0081269472461319,False
xu2020,state_mean__Drink-Aft,-0.0014838528420181,False
xu2020,state_mean__Drink-T,-0.0134193677175133,False
xu2020,state_mean__Eat-Hed,-0.0162373573076241,False
xu2020,state_mean__Eat-Hng,-0.0145893712663394,False
xu2020,state_mean__Fear,-0.0046249334595137,False
xu2020,state_mean__Feed-Aft,0.0023666232921275,False
xu2020,state_mean__Ghrelin,0.0398769215238283,True
xu2020,state_mean__Leptin,-0.0029460805705625,False
xu2020,state_mean__Saline,-0.0304517271431038,False
xu2020,state_mean__Spout-Aft,-0.012461924055125,False
xu2020,state_mean__Tone-Aft,-0.0021122915479875,False
zhao2026,feat__evoked_checkerboard,-0.1190033819940922,False
zhao2026,feat__evoked_grating_up,-0.1561368209255533,False
zhao2026,feat__evoked_grating_down,-0.1125433451774476,False
zhao2026,feat__evoked_grating_left,-0.0814589665653495,False
zhao2026,feat__evoked_grating_right,-0.0428956719037629,True
allen_vc2p,feat__osi_dg,-0.0184767528482289,False
allen_vc2p,feat__dsi_dg,-0.0567697974972492,False
allen_vc2p,feat__g_osi_dg,-0.0246414499876711,False
allen_vc2p,feat__g_dsi_dg,-0.059117407855439,False
allen_vc2p,feat__osi_sg,-0.0577129422699717,False
allen_vc2p,feat__g_osi_sg,0.0364859739043733,False
allen_vc2p,feat__sfdi_sg,-0.0107914898270217,False
allen_vc2p,feat__tfdi_dg,-0.1049419419214182,False
allen_vc2p,feat__pref_tf_dg,-0.0155647514965913,False
allen_vc2p,feat__pref_sf_sg,-0.0027010027567944,False
allen_vc2p,feat__reliability_dg,-0.0055050950320875,False
allen_vc2p,feat__reliability_sg,-0.0350740505334233,False
allen_vc2p,feat__reliability_ns,-0.013822538426315,False
allen_vc2p,feat__reliability_nm1_a,-0.0310930227789966,False
allen_vc2p,feat__reliability_nm3,0.1183646689766879,True
allen_vc2p,feat__run_mod_dg,0.0685864446859259,False
allen_vc2p,feat__run_mod_sg,0.0126367730780008,False
allen_vc2p,feat__run_mod_ns,0.0836972641967208,False
allen_vc2p,feat__peak_dff_dg,0.0313253917809716,False
allen_vc2p,feat__image_sel_ns,0.0121515319268173,False
allen_vc2p,feat__time_to_peak_ns,0.0958182146579663,False
allen_vc2p,feat__time_to_peak_sg,-0.011043520098551,False
allen_vc2p,feat__rf_area_on_lsn,-0.1101770788482698,False
allen_vc2p,feat__rf_area_off_lsn,-0.0336217442710789,False
allen_vc2p,feat__rf_chi2_lsn,-0.0607102965445259,False
sorensen2026,resp__ephys_latent__b00,0.4509848641924113,True
sorensen2026,resp__ephys_latent__b01,-0.0260833506116525,False
warp2026,feat__r_omr_backward,0.014105495428345,True
warp2026,feat__r_omr_forward,0.0001828918792942,False
warp2026,feat__r_omr_right,0.0046453113603843,False
warp2026,feat__r_omr_left,0.0083899757088089,False
warp2026,feat__r_looming_left,0.0014246244628109,False
warp2026,feat__r_looming_right,0.004007321433151,False
warp2026,feat__r_dark_flash,-0.0003617303720475,False
warp2026,feat__r_light_flash,0.0041707498637278,False
