base,aug,n_held_groups,delta_r2_macro,win_fraction_r2_macro,delta_pearson_macro,win_fraction_pearson_macro,delta_rho_macro,win_fraction_rho_macro,delta_nrmse_macro,win_fraction_nrmse_macro,delta_ext_auc_macro,win_fraction_ext_auc_macro,delta_ext_ap_macro,win_fraction_ext_ap_macro,delta_brier_macro,win_fraction_brier_macro,delta_calibration_slope_error,win_fraction_calibration_slope,delta_calibration_intercept_abs,win_fraction_calibration_intercept
type,all_coordinates,6,0.023314694764084737,1.0,0.01319903143272296,1.0,0.02004826339653411,1.0,-0.05797443979802064,1.0,0.006374059950790896,0.8333333333333334,0.013354304032697365,1.0,-0.0007140116762861526,1.0,-0.022831926206476616,0.5,-83.18675982621322,1.0
type,connectivity,6,0.02118791114994843,1.0,0.012222440858235059,1.0,0.01977650207420824,1.0,-0.056588817605770024,1.0,0.006779113066894178,1.0,0.01385445669239723,1.0,-0.0009287841790665737,1.0,-0.029293778624910154,0.6666666666666666,-82.28933218414416,1.0
type,space,6,-0.3308676823015098,0.0,-0.33537237637258815,0.0,-0.27582105208904045,0.0,0.23649228079412513,0.0,-0.15296191290230596,0.0,-0.14381568204497494,0.0,0.009953829464400182,0.0,0.23201293539564735,0.16666666666666666,527.6265664554368,0.0
type,space+connectivity,6,0.0211785700949485,1.0,0.012184674387188751,1.0,0.019653578890272583,1.0,-0.05684142955232396,1.0,0.00644137594924941,0.8333333333333334,0.0138592389596948,1.0,-0.0008353732559952346,1.0,-0.02976714915901139,0.6666666666666666,-82.94560961665543,1.0
type,type+connectivity,6,0.022373275882707627,1.0,0.012784745157949104,1.0,0.02049797003279763,1.0,-0.057462847129016024,1.0,0.0069050701769345175,0.8333333333333334,0.014377826754244353,1.0,-0.0007782301469868025,1.0,-0.024075993793824118,0.6666666666666666,-82.98385616473391,1.0
type,type+space,6,0.022018788985648446,1.0,0.014021585313048332,1.0,0.016813570863998855,1.0,-0.03518288526926903,1.0,0.006014008272208567,1.0,0.011774476594003436,1.0,-0.008116574612170033,1.0,-0.021236308728712128,0.6666666666666666,427.44620315789115,0.0
type,type+space+connectivity,6,0.023314694764084737,1.0,0.01319903143272296,1.0,0.02004826339653411,1.0,-0.05797443979802064,1.0,0.006374059950790896,0.8333333333333334,0.013354304032697365,1.0,-0.0007140116762861526,1.0,-0.022831926206476616,0.5,-83.18675982621322,1.0
space,all_coordinates,6,0.3541823770655945,1.0,0.34857140780531104,1.0,0.29586931548557455,1.0,-0.2944667205921458,1.0,0.15933597285309684,1.0,0.15716998607767232,1.0,-0.010667841140686335,1.0,-0.25484486160212394,0.6666666666666666,-610.8133262816501,1.0
space,connectivity,6,0.3520555934514582,1.0,0.3475948172308232,1.0,0.2955975541632487,1.0,-0.29308109839989516,1.0,0.15974102596920012,1.0,0.15767013873737218,1.0,-0.010882613643466757,1.0,-0.2613067140205575,0.6666666666666666,-609.9158986395811,1.0
space,space+connectivity,6,0.3520462523964583,1.0,0.3475570507597769,1.0,0.29547463097931304,1.0,-0.2933337103464491,1.0,0.15940328885155536,1.0,0.15767492100466976,1.0,-0.010789202720395416,1.0,-0.26178008455465873,0.6666666666666666,-610.5721760720922,1.0
space,type,6,0.3308676823015098,1.0,0.33537237637258815,1.0,0.27582105208904045,1.0,-0.23649228079412513,1.0,0.15296191290230596,1.0,0.14381568204497494,1.0,-0.009953829464400182,1.0,-0.23201293539564735,0.8333333333333334,-527.6265664554368,1.0
space,type+connectivity,6,0.35324095818421747,1.0,0.34815712153053724,1.0,0.2963190221218381,1.0,-0.2939551279231412,1.0,0.15986698307924047,1.0,0.1581935087992193,1.0,-0.010732059611386985,1.0,-0.25608892918947146,0.6666666666666666,-610.6104226201709,1.0
space,type+space,6,0.3528864712871583,1.0,0.34939396168563647,1.0,0.29263462295303927,1.0,-0.27167516606339415,1.0,0.1589759211745145,1.0,0.15559015863897838,1.0,-0.018070404076570217,1.0,-0.25324924412435945,0.6666666666666666,-100.18036329754575,1.0
space,type+space+connectivity,6,0.3541823770655945,1.0,0.34857140780531104,1.0,0.29586931548557455,1.0,-0.2944667205921458,1.0,0.15933597285309684,1.0,0.15716998607767232,1.0,-0.010667841140686335,1.0,-0.25484486160212394,0.6666666666666666,-610.8133262816501,1.0
